Time (s),Surge Velocity,Sway Velocity,Yaw Rate,Position X,Position Y,Yaw Angle,Speed U,Rudder Angle (rad),Abs Sway,Abs Rudder
0,0.0,0.0,0.0,0.0,0.0,67.803,7.7175,0.0,0.0,0.0
4,-1.402e-06,-0.0047189,0.015868,11.665,28.581,67.837,7.7175,-2.0249e-05,0.0047189,2.0249e-05
8,-2.5625e-05,-0.0096992,0.023403,23.319,57.167,67.922,7.7175,0.017285,0.0096992,0.017285
12,-7.7638e-05,-0.016497,0.032892,34.944,85.764,68.041,7.7174,0.018476,0.016497,0.018476
16,-0.00016072,-0.019115,0.029868,46.522,114.38,68.166,7.7174,0.017305,0.019115,0.017305
20,-0.00051128,-0.013896,0.009011,58.043,143.02,68.257,7.717,0.0653,0.013896,0.0653
24,-0.00064879,-0.013558,0.01247,69.519,171.67,68.305,7.7169,0.044792,0.013558,0.044792
28,-0.00095855,-0.0053048,-0.0057371,80.959,200.34,68.321,7.7165,0.054367,0.0053048,0.054367
32,-0.0010439,-0.0010157,-0.0039573,92.377,229.02,68.289,7.7165,0.005666,0.0010157,0.005666
36,-0.0012735,0.0062773,-0.013832,103.79,257.7,68.249,7.7162,0.017342,0.0062773,0.017342
40,-0.0013199,0.0037117,0.00074426,115.22,286.37,68.24,7.7162,0.044102,0.0037117,0.044102
44,-0.0013038,0.00051435,0.012288,126.65,315.04,68.255,7.7162,-0.009248,0.00051435,0.009248
48,-0.001679,0.0073565,-0.0076035,138.06,343.71,68.256,7.7158,0.011914,0.0073565,0.011914
52,-0.0018275,0.0077675,-0.0061302,149.48,372.39,68.255,7.7157,0.073548,0.0077675,0.073548
56,-0.0018626,0.0089012,-0.00286,160.88,401.07,68.226,7.7156,0.01344,0.0089012,0.01344
60,-0.0020233,0.010181,-0.0072178,172.3,429.74,68.23,7.7155,0.075154,0.010181,0.075154
64,-0.0020675,0.011913,-0.0058833,183.71,458.41,68.194,7.7154,0.01634,0.011913,0.01634
68,-0.0021502,0.015714,-0.012111,195.14,487.08,68.153,7.7154,0.016551,0.015714,0.016551
72,-0.0021135,0.014375,-0.004975,206.57,515.75,68.127,7.7154,0.029859,0.014375,0.029859
76,-0.0022404,0.017592,-0.0099048,218.02,544.41,68.08,7.7153,-0.0075027,0.017592,0.0075027
80,-0.0022229,0.015467,-0.0041973,229.49,573.06,68.068,7.7153,0.039,0.015467,0.039
84,-0.0023173,0.019007,-0.011785,240.95,601.71,68.025,7.7152,0.011329,0.019007,0.011329
88,-0.0022436,0.015701,-0.0002866,252.45,630.35,67.999,7.7153,0.0018727,0.015701,0.0018727
92,-0.0024582,0.021065,-0.015994,263.94,658.99,67.963,7.7151,0.021636,0.021065,0.021636
96,-0.002456,0.020461,-0.011141,275.46,687.62,67.92,7.7151,0.041911,0.020461,0.041911
100,-0.0024744,0.022159,-0.012715,286.99,716.24,67.867,7.7151,0.018874,0.022159,0.018874
104,-0.0025948,0.018571,-0.005111,298.56,744.86,67.858,7.7149,0.07034,0.018571,0.07034
108,-0.0026884,0.020979,-0.0096793,310.12,773.47,67.809,7.7148,0.00024054,0.020979,0.00024054
112,-0.0026569,0.019154,-0.0033217,321.71,802.07,67.774,7.7149,-0.010929,0.019154,0.010929
116,-0.0026379,0.01848,-0.0043546,333.32,830.66,67.76,7.7149,0.011585,0.01848,0.011585
120,-0.0027084,0.019278,-0.0058345,344.93,859.25,67.724,7.7148,-0.015528,0.019278,0.015528
124,-0.0026967,0.018997,-0.0063713,356.56,887.84,67.702,7.7148,0.012404,0.018997,0.012404
128,-0.0027105,0.018577,-0.0077977,368.21,916.41,67.688,7.7148,0.050685,0.018577,0.050685
132,-0.0026939,0.018274,-0.0047512,379.86,944.99,67.65,7.7148,0.00017187,0.018274,0.00017187
136,-0.0026418,0.016665,-0.001556,391.54,973.55,67.635,7.7149,0.0022408,0.016665,0.0022408
140,-0.0027348,0.019991,-0.013091,403.22,1002.1,67.611,7.7148,0.037559,0.019991,0.037559
144,-0.0027781,0.017305,-0.0051664,414.91,1030.7,67.591,7.7147,0.054485,0.017305,0.054485
148,-0.0027895,0.018875,-0.0087902,426.62,1059.2,67.557,7.7147,0.022843,0.018875,0.022843
152,-0.0027107,0.01499,0.0012242,438.34,1087.8,67.548,7.7148,0.022593,0.01499,0.022593
156,-0.0026594,0.013638,0.0019416,450.07,1116.3,67.546,7.7149,0.0024367,0.013638,0.0024367
160,-0.0026827,0.014911,-0.0042056,461.8,1144.9,67.539,7.7148,0.012215,0.014911,0.012215
164,-0.0026648,0.014113,-0.00064431,473.54,1173.4,67.517,7.7148,-0.011995,0.014113,0.011995
168,-0.0027157,0.014612,-0.0026299,485.29,1201.9,67.502,7.7148,-0.0088888,0.014612,0.0088888
172,-0.0028358,0.012711,-0.0027897,497.05,1230.5,67.521,7.7147,0.075617,0.012711,0.075617
176,-0.0028421,0.01192,-0.00036925,508.81,1259.0,67.512,7.7147,0.030868,0.01192,0.030868
180,-0.0028356,0.013337,-0.00537,520.57,1287.5,67.503,7.7147,0.034871,0.013337,0.034871
184,-0.0027443,0.0098137,0.005774,532.33,1316.1,67.497,7.7148,-0.0012839,0.0098137,0.0012839
188,-0.0027731,0.010381,0.0014129,544.1,1344.6,67.503,7.7147,-0.0035549,0.010381,0.0035549
192,-0.0027494,0.010028,0.0015237,555.87,1373.1,67.503,7.7148,-0.0012793,0.010028,0.0012793
196,-0.0028685,0.011623,-0.0015522,567.64,1401.6,67.486,7.7146,-0.022612,0.011623,0.022612
200,-0.0029054,0.01162,-0.0044572,579.41,1430.2,67.495,7.7146,0.053317,0.01162,0.053317
204,-0.0033158,0.01356,-0.011787,591.19,1458.7,67.494,7.7142,0.14406,0.01356,0.14406
208,-0.021561,0.097773,-0.22356,602.88,1487.2,67.09,7.6966,0.49313,0.097773,0.49313
212,-0.08715,0.26955,-0.54596,614.49,1515.6,65.549,7.6351,0.69174,0.26955,0.69174
216,-0.1712,0.4627,-0.7973,626.34,1543.6,62.831,7.5605,0.69801,0.4627,0.69801
220,-0.25313,0.63209,-0.93397,638.91,1570.9,59.321,7.4911,0.55763,0.63209,0.55763
224,-0.31703,0.74056,-0.93176,652.57,1597.5,55.564,7.4374,0.42635,0.74056,0.42635
228,-0.36794,0.78144,-0.81868,667.53,1623.1,52.008,7.391,0.13553,0.78144,0.13553
232,-0.40526,0.77196,-0.67366,683.79,1647.7,49.03,7.3529,0.079915,0.77196,0.079915
236,-0.43276,0.73966,-0.55211,701.16,1671.3,46.603,7.3222,0.07456,0.73966,0.07456
240,-0.45468,0.72021,-0.51793,719.46,1694.1,44.482,7.2984,0.14608,0.72021,0.14608
244,-0.47695,0.71715,-0.53799,738.55,1716.1,42.403,7.276,0.29726,0.71715,0.29726
248,-0.50484,0.73303,-0.59001,758.36,1737.4,40.139,7.2498,0.29298,0.73303,0.29298
252,-0.53784,0.75635,-0.6407,778.88,1757.8,37.673,7.2194,0.33314,0.75635,0.33314
256,-0.56881,0.76691,-0.641,800.14,1777.3,35.096,7.1897,0.25223,0.76691,0.25223
260,-0.59728,0.76803,-0.62201,822.13,1795.7,32.55,7.1615,0.17435,0.76803,0.17435
264,-0.6203,0.75591,-0.58257,844.83,1813.1,30.147,7.1373,0.18202,0.75591,0.18202
268,-0.63936,0.73829,-0.54289,868.17,1829.4,27.886,7.1165,0.11601,0.73829,0.11601
272,-0.65451,0.71974,-0.51606,892.09,1844.8,25.78,7.0996,0.15929,0.71974,0.15929
276,-0.66694,0.70229,-0.49851,916.53,1859.2,23.769,7.0855,0.20413,0.70229,0.20413
280,-0.6775,0.68713,-0.48614,941.44,1872.7,21.801,7.0735,0.16604,0.68713,0.16604
284,-0.6862,0.67326,-0.47679,966.77,1885.2,19.879,7.0635,0.16415,0.67326,0.16415
288,-0.69295,0.65803,-0.46161,992.5,1896.9,18.002,7.0553,0.13392,0.65803,0.13392
292,-0.69764,0.64137,-0.44317,1018.6,1907.6,16.189,7.0491,0.10128,0.64137,0.10128
296,-0.69945,0.61805,-0.41049,1045.0,1917.5,14.489,7.0452,0.093907,0.61805,0.093907
300,-0.69916,0.5966,-0.38771,1071.7,1926.5,12.882,7.0436,0.038468,0.5966,0.038468
304,-0.69622,0.56861,-0.35123,1098.6,1934.6,11.404,7.0443,0.019453,0.56861,0.019453
308,-0.69094,0.54169,-0.32435,1125.8,1942.0,10.048,7.0474,0.0020778,0.54169,0.0020778
312,-0.6834,0.5096,-0.28772,1153.2,1948.7,8.8301,7.0525,0.0068642,0.5096,0.0068642
316,-0.67399,0.48026,-0.262,1180.8,1954.7,7.7159,7.0599,-0.049392,0.48026,0.049392
320,-0.66272,0.45013,-0.23743,1208.6,1960.1,6.7194,7.0691,-0.020386,0.45013,0.020386
324,-0.65009,0.41557,-0.20212,1236.4,1964.9,5.8452,7.0796,-0.025319,0.41557,0.025319
328,-0.63586,0.38281,-0.17548,1264.5,1969.2,5.0858,7.092,-0.048092,0.38281,0.048092
332,-0.62062,0.34559,-0.13947,1292.6,1973.0,4.4624,7.1053,-0.042713,0.34559,0.042713
336,-0.60429,0.30637,-0.10288,1320.8,1976.4,3.9826,7.1198,-0.052565,0.30637,0.052565
340,-0.58695,0.26688,-0.06949,1349.2,1979.4,3.6375,7.1355,-0.072077,0.26688,0.072077
344,-0.56893,0.22745,-0.0385,1377.6,1982.2,3.4171,7.1522,-0.091157,0.22745,0.091157
348,-0.55052,0.18823,-0.0091576,1406.2,1984.7,3.3141,7.1695,-0.10764,0.18823,0.10764
352,-0.53184,0.14893,0.017827,1434.8,1987.0,3.3387,7.1872,-0.067564,0.14893,0.067564
356,-0.51343,0.10911,0.048865,1463.5,1989.2,3.4616,7.2049,-0.11246,0.10911,0.11246
360,-0.49541,0.067002,0.08261,1492.3,1991.4,3.7263,7.2224,-0.098475,0.067002,0.098475
364,-0.47701,0.036557,0.084428,1521.1,1993.6,4.0597,7.2406,-0.059187,0.036557,0.059187
368,-0.46007,-0.0015778,0.11677,1550.0,1995.8,4.4701,7.2574,-0.057758,0.0015778,0.057758
372,-0.44317,-0.030944,0.12386,1579.0,1998.1,4.9566,7.2744,-0.033775,0.030944,0.033775
376,-0.42761,-0.064318,0.14971,1608.0,2000.6,5.5078,7.2902,-0.051345,0.064318,0.051345
380,-0.41236,-0.08713,0.14907,1637.1,2003.2,6.0959,7.3057,-0.06037,0.08713,0.06037
384,-0.39812,-0.11099,0.16155,1666.2,2006.1,6.7076,7.3202,-0.077688,0.11099,0.077688
388,-0.38475,-0.13293,0.17077,1695.3,2009.2,7.3729,7.334,-0.051806,0.13293,0.051806
392,-0.37211,-0.14647,0.16083,1724.5,2012.6,8.052,7.3469,0.02334,0.14647,0.02334
396,-0.36025,-0.1629,0.17207,1753.7,2016.2,8.7201,7.3591,-0.0081929,0.1629,0.0081929
400,-0.34891,-0.17359,0.17013,1782.9,2020.2,9.3991,7.3706,-0.024108,0.17359,0.024108
404,-0.33821,-0.18258,0.16845,1812.1,2024.5,10.083,7.3816,0.0033629,0.18258,0.0033629
408,-0.32807,-0.189,0.16499,1841.2,2029.1,10.759,7.3918,0.024296,0.189,0.024296
412,-0.31826,-0.19162,0.15927,1870.4,2034.0,11.399,7.4017,-0.011102,0.19162,0.011102
416,-0.30882,-0.19368,0.15555,1899.6,2039.3,12.031,7.4112,0.0050381,0.19368,0.0050381
420,-0.29975,-0.19432,0.15107,1928.7,2044.9,12.65,7.4203,0.021226,0.19432,0.021226
424,-0.291,-0.19569,0.15153,1957.8,2050.8,13.261,7.4291,0.021965,0.19569,0.021965
428,-0.28255,-0.19166,0.1397,1986.9,2057.0,13.841,7.4374,0.017741,0.19166,0.017741
432,-0.27451,-0.18534,0.1244,2015.9,2063.5,14.393,7.4453,0.090117,0.18534,0.090117
436,-0.26619,-0.18041,0.12441,2044.9,2070.3,14.875,7.4535,-0.0013841,0.18041,0.0013841
440,-0.25809,-0.17543,0.12099,2073.9,2077.4,15.358,7.4615,-0.008866,0.17543,0.008866
444,-0.25027,-0.16667,0.10739,2102.9,2084.8,15.811,7.4691,0.011821,0.16667,0.011821
448,-0.24253,-0.15456,0.090072,2131.8,2092.4,16.202,7.4766,0.023534,0.15456,0.023534
452,-0.23462,-0.14824,0.091167,2160.6,2100.3,16.572,7.4844,0.038143,0.14824,0.038143
456,-0.227,-0.13695,0.077834,2189.5,2108.4,16.905,7.4918,0.027482,0.13695,0.027482
460,-0.21949,-0.1284,0.071793,2218.3,2116.6,17.222,7.4991,0.072058,0.1284,0.072058
464,-0.21213,-0.11726,0.060504,2247.1,2125.1,17.493,7.5063,0.068393,0.11726,0.068393
468,-0.2047,-0.1085,0.060217,2275.8,2133.8,17.718,7.5136,-0.00038645,0.1085,0.00038645
472,-0.19772,-0.097262,0.050387,2304.6,2142.6,17.92,7.5204,-0.029165,0.097262,0.029165
476,-0.19091,-0.08418,0.033281,2333.3,2151.6,18.097,7.5271,0.046407,0.08418,0.046407
480,-0.18401,-0.071749,0.023017,2362.0,2160.6,18.217,7.5338,0.06248,0.071749,0.06248
484,-0.17707,-0.063895,0.026803,2390.7,2169.8,18.31,7.5407,0.019946,0.063895,0.019946
488,-0.17052,-0.053085,0.016137,2419.5,2179.1,18.397,7.5472,0.039261,0.053085,0.039261
492,-0.16407,-0.043647,0.012295,2448.2,2188.5,18.444,7.5536,0.011044,0.043647,0.011044
496,-0.1579,-0.033387,0.0035952,2476.9,2197.9,18.473,7.5597,0.023762,0.033387,0.023762
500,-0.15188,-0.024012,-0.0032083,2505.6,2207.4,18.48,7.5657,0.047729,0.024012,0.047729
504,-0.14611,-0.013046,-0.01254,2534.4,2216.9,18.443,7.5714,0.033785,0.013046,0.033785
508,-0.14051,-0.0071295,-0.011475,2563.1,2226.4,18.414,7.577,0.07473,0.0071295,0.07473
512,-0.13512,0.0014219,-0.016539,2591.9,2236.0,18.348,7.5824,0.024473,0.0014219,0.024473
516,-0.12993,0.0080442,-0.020804,2620.7,2245.5,18.288,7.5876,0.066058,0.0080442,0.066058
520,-0.12488,0.012692,-0.018708,2649.5,2255.1,18.21,7.5926,0.041346,0.012692,0.041346
524,-0.12027,0.022538,-0.03111,2678.4,2264.6,18.097,7.5973,0.013731,0.022538,0.013731
528,-0.11557,0.025882,-0.024919,2707.2,2274.1,17.979,7.602,0.0038908,0.025882,0.0038908
532,-0.11117,0.03147,-0.031,2736.1,2283.6,17.87,7.6064,0.031897,0.03147,0.031897
536,-0.10698,0.03591,-0.030349,2765.1,2293.0,17.731,7.6106,-0.010026,0.03591,0.010026
540,-0.10296,0.039184,-0.034071,2794.0,2302.4,17.623,7.6146,0.063558,0.039184,0.063558
544,-0.099048,0.041087,-0.028888,2823.0,2311.8,17.481,7.6186,-0.0018492,0.041087,0.0018492
548,-0.095422,0.045972,-0.036606,2852.1,2321.1,17.345,7.6222,0.010727,0.045972,0.010727
552,-0.091867,0.047699,-0.036915,2881.1,2330.3,17.216,7.6258,0.062873,0.047699,0.062873
556,-0.088523,0.051294,-0.037583,2910.2,2339.5,17.048,7.6291,-0.0041851,0.051294,0.0041851
560,-0.085247,0.053322,-0.037826,2939.4,2348.6,16.895,7.6324,0.011152,0.053322,0.011152
564,-0.082083,0.054263,-0.038016,2968.5,2357.6,16.756,7.6356,0.04774,0.054263,0.04774
568,-0.078999,0.053014,-0.0304,2997.7,2366.6,16.611,7.6387,0.0049543,0.053014,0.0049543
572,-0.075959,0.049399,-0.022979,3027.0,2375.5,16.509,7.6417,0.018158,0.049399,0.018158
576,-0.073179,0.051697,-0.032867,3056.2,2384.4,16.398,7.6445,0.031566,0.051697,0.031566
580,-0.070507,0.052882,-0.03291,3085.5,2393.2,16.254,7.6472,-0.001585,0.052882,0.001585
584,-0.067959,0.053386,-0.032141,3114.8,2401.9,16.114,7.6497,-0.0075538,0.053386,0.0075538
588,-0.065461,0.05338,-0.031973,3144.2,2410.6,15.985,7.6522,0.0099863,0.05338,0.0099863
592,-0.062997,0.050577,-0.024291,3173.6,2419.2,15.866,7.6547,-0.0040843,0.050577,0.0040843
596,-0.060837,0.053939,-0.038401,3203.0,2427.7,15.756,7.6569,0.061054,0.053939,0.061054
600,-0.058675,0.044976,-0.012362,3232.4,2436.2,15.655,7.659,0.011657,0.044976,0.011657
604,-0.056576,0.04673,-0.025068,3261.9,2444.6,15.575,7.6611,0.018781,0.04673,0.018781
608,-0.05452,0.040185,-0.0072755,3291.3,2453.0,15.488,7.6631,-0.050088,0.040185,0.050088
612,-0.052708,0.041288,-0.020642,3320.8,2461.3,15.437,7.6649,0.011581,0.041288,0.011581
616,-0.050665,0.03213,-0.00067723,3350.4,2469.6,15.402,7.6669,0.011744,0.03213,0.011744
620,-0.048859,0.03461,-0.017118,3379.9,2477.9,15.365,7.6687,0.027779,0.03461,0.027779
624,-0.046999,0.032474,-0.010882,3409.5,2486.1,15.294,7.6706,-0.01489,0.032474,0.01489
628,-0.045548,0.038812,-0.032545,3439.0,2494.3,15.222,7.672,0.064323,0.038812,0.064323
632,-0.043872,0.037067,-0.021058,3468.6,2502.5,15.116,7.6737,0.02748,0.037067,0.02748
636,-0.042204,0.034779,-0.013434,3498.2,2510.6,15.036,7.6754,-0.0088368,0.034779,0.0088368
640,-0.040582,0.032773,-0.012349,3527.8,2518.7,14.988,7.677,0.016614,0.032773,0.016614
644,-0.039009,0.026193,-0.00075035,3557.5,2526.8,14.974,7.6785,0.031066,0.026193,0.031066
648,-0.037498,0.024398,-0.0030148,3587.1,2534.8,14.959,7.68,0.0074959,0.024398,0.0074959
652,-0.036041,0.02117,-0.0019567,3616.8,2542.8,14.961,7.6815,0.039696,0.02117,0.039696
656,-0.034631,0.019346,-0.0015625,3646.4,2550.8,14.951,7.6829,0.018406,0.019346,0.018406
660,-0.033287,0.018504,-0.0028737,3676.1,2558.8,14.939,7.6842,0.011591,0.018504,0.011591
664,-0.032073,0.02037,-0.009602,3705.8,2566.8,14.91,7.6855,0.01532,0.02037,0.01532
668,-0.030794,0.017414,-0.0018797,3735.5,2574.8,14.891,7.6867,0.019326,0.017414,0.019326
672,-0.02959,0.01622,-0.0012873,3765.2,2582.8,14.882,7.6879,0.011805,0.01622,0.011805
676,-0.028481,0.016901,-0.0053302,3794.9,2590.7,14.867,7.689,0.023059,0.016901,0.023059
680,-0.027862,0.02417,-0.019992,3824.6,2598.7,14.789,7.6897,-0.025569,0.02417,0.025569
684,-0.027152,0.03181,-0.035113,3854.3,2606.6,14.696,7.6904,0.060117,0.03181,0.060117
688,-0.026661,0.044513,-0.052373,3884.0,2614.5,14.507,7.691,0.026742,0.044513,0.026742
692,-0.025978,0.052174,-0.05264,3913.8,2622.4,14.289,7.6917,0.013296,0.052174,0.013296
696,-0.025738,0.06345,-0.063951,3943.6,2630.1,14.037,7.692,-0.0051534,0.06345,0.0051534
700,-0.025016,0.060354,-0.042273,3973.4,2637.8,13.842,7.6927,0.033078,0.060354,0.033078
704,-0.024234,0.057192,-0.031167,4003.2,2645.3,13.697,7.6935,0.0177,0.057192,0.0177
708,-0.023491,0.055837,-0.029308,4033.1,2652.8,13.569,7.6942,0.0031782,0.055837,0.0031782
712,-0.022796,0.055816,-0.032395,4062.9,2660.2,13.447,7.6949,0.020993,0.055816,0.020993
716,-0.022225,0.054187,-0.032424,4092.8,2667.5,13.341,7.6955,0.074245,0.054187,0.074245
720,-0.021804,0.05596,-0.032812,4122.7,2674.8,13.179,7.6959,-0.028056,0.05596,0.028056
724,-0.021307,0.05807,-0.039069,4152.7,2682.0,13.038,7.6964,0.016835,0.05807,0.016835
728,-0.02085,0.059995,-0.039384,4182.6,2689.2,12.865,7.6969,-0.011565,0.059995,0.011565
732,-0.020322,0.059188,-0.03826,4212.6,2696.2,12.73,7.6974,0.052979,0.059188,0.052979
736,-0.01977,0.058023,-0.033945,4242.6,2703.2,12.584,7.6979,0.026812,0.058023,0.026812
740,-0.019229,0.057138,-0.033762,4272.6,2710.1,12.457,7.6985,0.040647,0.057138,0.040647
744,-0.01865,0.053014,-0.023216,4302.6,2716.9,12.335,7.699,0.00036781,0.053014,0.00036781
748,-0.018086,0.050948,-0.024935,4332.7,2723.7,12.248,7.6996,0.034109,0.050948,0.034109
752,-0.017563,0.04891,-0.021568,4362.7,2730.4,12.141,7.7001,-0.0092641,0.04891,0.0092641
756,-0.017094,0.048928,-0.028091,4392.8,2737.0,12.055,7.7006,0.044861,0.048928,0.044861
760,-0.016575,0.044963,-0.019424,4422.9,2743.6,11.964,7.7011,0.030797,0.044963,0.030797
764,-0.016079,0.044706,-0.022922,4453.0,2750.1,11.878,7.7016,0.024044,0.044706,0.024044
768,-0.015541,0.041592,-0.017034,4483.1,2756.6,11.798,7.7021,0.014452,0.041592,0.014452
772,-0.015048,0.040459,-0.018273,4513.2,2763.1,11.726,7.7026,0.015114,0.040459,0.015114
776,-0.014546,0.035655,-0.010894,4543.4,2769.5,11.679,7.703,0.036154,0.035655,0.036154
780,-0.014058,0.03179,-0.0078242,4573.5,2775.8,11.649,7.7035,0.03687,0.03179,0.03687
784,-0.013726,0.034512,-0.02108,4603.7,2782.2,11.598,7.7039,0.05225,0.034512,0.05225
788,-0.013299,0.030236,-0.0093888,4633.8,2788.5,11.542,7.7043,0.030458,0.030236,0.030458
792,-0.012874,0.02767,-0.004784,4664.0,2794.7,11.497,7.7047,-0.017743,0.02767,0.017743
796,-0.0124,0.022747,0.0020842,4694.2,2801.0,11.489,7.7051,-0.008264,0.022747,0.008264
800,-0.012233,0.026566,-0.014173,4724.4,2807.2,11.456,7.7053,0.0073156,0.026566,0.0073156
804,-0.011882,0.01934,0.0018794,4754.6,2813.4,11.454,7.7056,0.046138,0.01934,0.046138
808,-0.011562,0.019466,-0.0019255,4784.8,2819.6,11.433,7.706,-0.012701,0.019466,0.012701
812,-0.011276,0.021247,-0.011668,4815.0,2825.8,11.419,7.7063,0.045535,0.021247,0.045535
816,-0.010973,0.017518,-0.0024789,4845.2,2832.0,11.405,7.7065,0.051957,0.017518,0.051957
820,-0.0106,0.011588,0.0094222,4875.4,2838.1,11.422,7.7069,0.023156,0.011588,0.023156
824,-0.010351,0.013628,-0.0015157,4905.6,2844.3,11.426,7.7072,0.0049248,0.013628,0.0049248
828,-0.0099755,0.011065,0.0022373,4935.8,2850.4,11.438,7.7075,0.033548,0.011065,0.033548
832,-0.0096189,0.0090631,0.0042433,4966.0,2856.6,11.455,7.7079,0.029618,0.0090631,0.029618
836,-0.0093359,0.010131,-0.001831,4996.2,2862.7,11.464,7.7082,0.038884,0.010131,0.038884
840,-0.0090559,0.0072548,0.0088309,5026.4,2868.9,11.457,7.7084,-0.031416,0.0072548,0.031416
844,-0.0089824,0.010108,-0.002542,5056.6,2875.1,11.465,7.7085,0.00081458,0.010108,0.00081458
848,-0.0087468,0.0074649,0.0022494,5086.8,2881.2,11.487,7.7088,0.056645,0.0074649,0.056645
852,-0.0084874,0.0071086,0.0046629,5117.1,2887.4,11.484,7.709,-0.0076309,0.0071086,0.0076309
856,-0.0082931,0.0061738,0.0019705,5147.3,2893.6,11.519,7.7092,0.059387,0.0061738,0.059387
860,-0.0080567,0.0026114,0.010225,5177.5,2899.8,11.548,7.7094,0.034934,0.0026114,0.034934
864,-0.0078479,0.0033982,0.003738,5207.7,2905.9,11.583,7.7097,0.044307,0.0033982,0.044307
868,-0.0076084,0.0036711,0.0049841,5237.9,2912.2,11.587,7.7099,-0.00087422,0.0036711,0.00087422
872,-0.0074231,0.0045137,0.00036043,5268.1,2918.4,11.612,7.7101,0.047323,0.0045137,0.047323
876,-0.0071813,0.0044781,0.0035447,5298.3,2924.6,11.611,7.7103,0.0073246,0.0044781,0.0073246
880,-0.0069995,0.001884,0.012278,5328.5,2930.8,11.625,7.7105,-0.033995,0.001884,0.033995
884,-0.0070178,0.0059574,-0.0039626,5358.7,2937.1,11.653,7.7105,0.040807,0.0059574,0.040807
888,-0.0067624,0.003887,0.0064186,5388.9,2943.3,11.649,7.7107,-0.0016453,0.003887,0.0016453
892,-0.0066523,0.0063384,-0.00064196,5419.1,2949.6,11.655,7.7109,0.0071793,0.0063384,0.0071793
896,-0.0064406,0.0050622,0.0027473,5449.3,2955.8,11.671,7.7111,0.037029,0.0050622,0.037029
900,-0.0062103,0.0027829,0.0097058,5479.5,2962.1,11.687,7.7113,-0.0019708,0.0027829,0.0019708
904,-0.0059826,2.7793e-05,0.012614,5509.7,2968.3,11.736,7.7115,0.015953,2.7793e-05,0.015953
908,-0.0059407,0.0038846,-0.0014162,5539.9,2974.6,11.762,7.7116,0.039664,0.0038846,0.039664
912,-0.0057989,0.0049387,-0.0014651,5570.1,2980.9,11.763,7.7117,0.041667,0.0049387,0.041667
916,-0.0056517,0.0038203,0.0067498,5600.3,2987.2,11.755,7.7118,-0.02141,0.0038203,0.02141
920,-0.0057291,0.0090309,-0.0096927,5630.5,2993.6,11.761,7.7118,0.049409,0.0090309,0.049409
924,-0.0055451,0.0074793,0.00072669,5660.7,2999.9,11.742,7.712,0.018487,0.0074793,0.018487
928,-0.0054112,0.0089425,-0.0028467,5690.9,3006.2,11.74,7.7121,0.027326,0.0089425,0.027326
932,-0.0053548,0.0053482,0.011543,5721.1,3012.5,11.731,7.7121,-0.050539,0.0053482,0.050539
936,-0.005495,0.008297,-0.0048811,5751.3,3018.8,11.769,7.712,0.064126,0.008297,0.064126
940,-0.0053496,0.0027763,0.01411,5781.5,3025.1,11.775,7.7122,-0.012478,0.0027763,0.012478
944,-0.0054218,0.0060825,0.0009056,5811.7,3031.4,11.795,7.7121,-0.00065391,0.0060825,0.00065391
948,-0.0053046,0.0034761,0.0055825,5841.9,3037.8,11.828,7.7122,0.050526,0.0034761,0.050526
952,-0.0052089,0.0055582,0.00071239,5872.1,3044.1,11.831,7.7123,0.013678,0.0055582,0.013678
956,-0.0052255,0.010511,-0.011647,5902.3,3050.5,11.819,7.7123,0.053259,0.010511,0.053259
960,-0.005078,0.010822,-0.0044877,5932.5,3056.8,11.78,7.7124,0.011277,0.010822,0.011277
964,-0.0049274,0.010755,-0.0017022,5962.6,3063.1,11.765,7.7126,0.0072005,0.010755,0.0072005
968,-0.0050605,0.016444,-0.013563,5992.8,3069.5,11.72,7.7125,-0.0016338,0.016444,0.0016338
972,-0.0049964,0.012366,-0.0012242,6023.0,3075.8,11.715,7.7125,0.054137,0.012366,0.054137
976,-0.0048705,0.0078191,0.0088108,6053.2,3082.1,11.734,7.7126,0.027588,0.0078191,0.027588
980,-0.0047642,0.0064071,0.0057791,6083.4,3088.4,11.773,7.7127,0.044633,0.0064071,0.044633
984,-0.0046466,0.0065809,0.0035657,6113.6,3094.7,11.786,7.7129,0.016966,0.0065809,0.016966
988,-0.0045423,0.0075724,0.00011323,6143.8,3101.1,11.792,7.713,0.019513,0.0075724,0.019513
992,-0.0046085,0.01152,-0.011248,6174.0,3107.4,11.787,7.7129,0.068871,0.01152,0.068871
996,-0.0046334,0.014,-0.012282,6204.2,3113.7,11.748,7.7129,0.059404,0.014,0.059404
1000,-0.0045331,0.014646,-0.0074459,6234.4,3120.1,11.704,7.713,0.019492,0.014646,0.019492
1004,-0.0044286,0.015595,-0.0077329,6264.6,3126.4,11.675,7.7131,0.024547,0.015595,0.024547
1008,-0.0045134,0.0097348,0.0050964,6294.8,3132.7,11.698,7.713,0.074336,0.0097348,0.074336
1012,-0.0044594,0.0093464,0.004925,6325.0,3139.0,11.698,7.713,-0.0049017,0.0093464,0.0049017
1016,-0.004306,0.0066921,0.0075825,6355.2,3145.3,11.727,7.7132,0.01597,0.0066921,0.01597
1020,-0.0042691,0.0075967,0.0031695,6385.4,3151.6,11.736,7.7132,-0.0057489,0.0075967,0.0057489
1024,-0.0041967,0.0084921,-0.0010744,6415.6,3157.9,11.746,7.7133,0.025937,0.0084921,0.025937
1028,-0.0041325,0.010643,-0.0054123,6445.8,3164.2,11.733,7.7134,0.027238,0.010643,0.027238
1032,-0.0041905,0.015756,-0.016386,6476.0,3170.5,11.698,7.7133,0.05446,0.015756,0.05446
1036,-0.0041174,0.0097668,0.0081277,6506.2,3176.8,11.666,7.7134,-0.025343,0.0097668,0.025343
1040,-0.0042911,0.01471,-0.010578,6536.4,3183.1,11.668,7.7132,0.034697,0.01471,0.034697
1044,-0.0042531,0.011833,-0.0013039,6566.6,3189.4,11.66,7.7133,0.051874,0.011833,0.051874
1048,-0.0041948,0.012672,-0.0018479,6596.8,3195.7,11.639,7.7133,-0.0012382,0.012672,0.0012382
1052,-0.010798,-0.042475,0.14487,6627.1,3201.9,11.845,7.7068,-0.3503,0.042475,0.3503
1056,-0.057122,-0.1991,0.46714,6657.2,3208.0,13.035,7.663,-0.66579,0.1991,0.66579
1060,-0.13842,-0.40414,0.77019,6687.0,3214.3,15.543,7.5898,-0.69749,0.40414,0.69749
1064,-0.22244,-0.59589,0.95532,6716.4,3221.3,19.04,7.5187,-0.59917,0.59589,0.59917
1068,-0.29066,-0.72806,0.98361,6745.2,3229.5,22.97,7.4624,-0.38392,0.72806,0.38392
1072,-0.34274,-0.78105,0.87156,6773.4,3239.2,26.721,7.416,-0.15168,0.78105,0.15168
1076,-0.38218,-0.76653,0.68727,6800.7,3250.4,29.843,7.3753,0.0059944,0.76653,0.0059944
1080,-0.41058,-0.73193,0.55649,6827.4,3263.0,32.301,7.3435,-0.02235,0.73193,0.02235
1084,-0.43157,-0.70624,0.50783,6853.3,3276.6,34.401,7.3201,-0.10327,0.70624,0.10327
1088,-0.45367,-0.71001,0.55113,6878.7,3291.2,36.49,7.2984,-0.26363,0.71001,0.26363
1092,-0.48095,-0.72915,0.60737,6903.4,3306.6,38.814,7.2732,-0.26383,0.72915,0.26383
1096,-0.51406,-0.75683,0.66378,6927.4,3323.0,41.365,7.2431,-0.29529,0.75683,0.29529
1100,-0.54608,-0.77126,0.66792,6950.6,3340.2,44.044,7.2128,-0.22457,0.77126,0.22457
1104,-0.57486,-0.77163,0.64139,6972.9,3358.4,46.676,7.1842,-0.15696,0.77163,0.15696
1108,-0.59872,-0.75868,0.5972,6994.3,3377.5,49.149,7.1591,-0.14087,0.75868,0.14087
1112,-0.61854,-0.74149,0.55986,7014.7,3397.5,51.461,7.1376,-0.11979,0.74149,0.11979
1116,-0.63452,-0.72151,0.52785,7034.3,3418.2,53.628,7.1196,-0.12148,0.72151,0.12148
1120,-0.64757,-0.70346,0.50876,7053.0,3439.7,55.692,7.1048,-0.13373,0.70346,0.13373
1124,-0.65874,-0.68875,0.49873,7070.8,3461.8,57.709,7.0923,-0.112,0.68875,0.112
1128,-0.66887,-0.67846,0.49772,7087.8,3484.4,59.712,7.0812,-0.093903,0.67846,0.093903
1132,-0.67704,-0.66384,0.48065,7104.0,3507.7,61.678,7.0717,-0.060747,0.66384,0.060747
1136,-0.68329,-0.64691,0.45877,7119.2,3531.5,63.576,7.0639,-0.0011723,0.64691,0.0011723
1140,-0.68677,-0.62782,0.43784,7133.7,3555.8,65.36,7.0587,-0.060016,0.62782,0.060016
1144,-0.68788,-0.60151,0.3992,7147.3,3580.5,67.035,7.0553,-0.011878,0.60151,0.011878
1148,-0.68621,-0.5747,0.3684,7160.0,3605.7,68.57,7.0547,0.00040839,0.5747,0.00040839
1152,-0.68219,-0.54622,0.33792,7172.1,3631.2,69.981,7.0565,0.01129,0.54622,0.01129
1156,-0.67603,-0.51765,0.31093,7183.4,3657.0,71.278,7.0605,0.021907,0.51765,0.021907
1160,-0.66814,-0.48731,0.28056,7194.1,3683.2,72.467,7.0662,0.061637,0.48731,0.061637
1164,-0.65826,-0.45673,0.25468,7204.2,3709.6,73.53,7.074,0.03031,0.45673,0.03031
1168,-0.64728,-0.42168,0.21678,7213.6,3736.3,74.476,7.0828,0.081174,0.42168,0.081174
1172,-0.63437,-0.38957,0.19235,7222.6,3763.2,75.302,7.0938,0.096568,0.38957,0.096568
1176,-0.62054,-0.35402,0.15934,7231.0,3790.3,76.008,7.1058,0.10798,0.35402,0.10798
1180,-0.60577,-0.31604,0.12333,7239.1,3817.6,76.58,7.1188,0.13206,0.31604,0.13206
1184,-0.5899,-0.27643,0.089288,7246.7,3845.1,76.999,7.133,0.10185,0.27643,0.10185
1188,-0.57342,-0.23508,0.053424,7254.1,3872.7,77.28,7.1479,0.10742,0.23508,0.10742
1192,-0.5562,-0.19436,0.022575,7261.2,3900.4,77.43,7.1639,0.10986,0.19436,0.10986
1196,-0.5387,-0.15357,-0.007085,7268.1,3928.2,77.455,7.1804,0.10183,0.15357,0.10183
1200,-0.52119,-0.11316,-0.036778,7274.9,3956.2,77.373,7.1972,0.13566,0.11316,0.13566
1204,-0.5039,-0.072211,-0.066029,7281.6,3984.2,77.163,7.214,0.11845,0.072211,0.11845
1208,-0.48637,-0.037389,-0.081131,7288.3,4012.3,76.879,7.2312,0.1351,0.037389,0.1351
1212,-0.46981,-0.00042188,-0.10594,7295.0,4040.5,76.502,7.2477,0.11658,0.00042188,0.11658
1216,-0.45347,0.031235,-0.11944,7301.8,4068.7,76.061,7.2641,0.12852,0.031235,0.12852
1220,-0.43825,0.064346,-0.14093,7308.8,4096.9,75.54,7.2795,0.11505,0.064346,0.11505
1224,-0.42357,0.093094,-0.15117,7315.9,4125.2,74.944,7.2945,0.064845,0.093094,0.064845
1228,-0.40987,0.11906,-0.16527,7323.2,4153.5,74.337,7.3086,0.15675,0.11906,0.15675
1232,-0.39666,0.13975,-0.16377,7330.8,4181.7,73.664,7.3222,0.056823,0.13975,0.056823
1236,-0.38417,0.15863,-0.1696,7338.6,4210.0,72.998,7.335,0.068895,0.15863,0.068895
1240,-0.37247,0.17535,-0.17387,7346.7,4238.2,72.305,7.3471,0.050039,0.17535,0.050039
1244,-0.36127,0.18766,-0.17239,7355.1,4266.4,71.611,7.3586,0.048522,0.18766,0.048522
1248,-0.35052,0.19585,-0.16754,7363.9,4294.5,70.935,7.3696,0.054521,0.19585,0.054521
1252,-0.34042,0.20418,-0.16821,7372.9,4322.6,70.255,7.3799,0.029147,0.20418,0.029147
1256,-0.33077,0.21096,-0.17058,7382.3,4350.6,69.587,7.3897,0.068603,0.21096,0.068603
1260,-0.32135,0.21115,-0.15653,7392.0,4378.6,68.932,7.3992,0.033761,0.21115,0.033761
1264,-0.31237,0.21459,-0.15877,7402.0,4406.4,68.294,7.4082,0.0226,0.21459,0.0226
1268,-0.3035,0.21276,-0.15021,7412.3,4434.2,67.688,7.417,0.053557,0.21276,0.053557
1272,-0.29497,0.21163,-0.14488,7422.9,4462.0,67.085,7.4255,0.0041265,0.21163,0.0041265
1276,-0.28649,0.20634,-0.13285,7433.8,4489.6,66.525,7.4339,-0.002028,0.20634,0.002028
1280,-0.27852,0.20546,-0.13521,7445.0,4517.2,65.97,7.4418,-0.031997,0.20546,0.031997
1284,-0.27032,0.19684,-0.12127,7456.6,4544.6,65.479,7.4498,0.046809,0.19684,0.046809
1288,-0.26226,0.19153,-0.11641,7468.3,4572.0,64.992,7.4577,0.00053103,0.19153,0.00053103
1292,-0.25419,0.18173,-0.10391,7480.4,4599.3,64.565,7.4655,0.035146,0.18173,0.035146
1296,-0.24615,0.17111,-0.091323,7492.7,4626.6,64.176,7.4733,0.016784,0.17111,0.016784
1300,-0.23813,0.16177,-0.084972,7505.2,4653.7,63.825,7.4811,0.015393,0.16177,0.015393
1304,-0.23023,0.15214,-0.076893,7517.9,4680.8,63.497,7.4888,-0.0016732,0.15214,0.0016732
1308,-0.22253,0.13728,-0.054832,7530.8,4707.9,63.217,7.4962,-0.054389,0.13728,0.054389
1312,-0.21474,0.1286,-0.059472,7543.9,4734.9,63.004,7.5039,0.031833,0.1286,0.031833
1316,-0.20712,0.11647,-0.046553,7557.2,4761.8,62.791,7.5113,0.0052652,0.11647,0.0052652
1320,-0.19966,0.11064,-0.051931,7570.5,4788.7,62.592,7.5187,0.014068,0.11064,0.014068
1324,-0.19239,0.098159,-0.035904,7584.1,4815.6,62.426,7.5257,0.019739,0.098159,0.019739
1328,-0.1852,0.087962,-0.028544,7597.7,4842.5,62.294,7.5328,0.00062844,0.087962,0.00062844
1332,-0.1782,0.078365,-0.022033,7611.4,4869.3,62.185,7.5397,-0.017221,0.078365,0.017221
1336,-0.17135,0.068159,-0.015502,7625.3,4896.1,62.116,7.5465,0.0089482,0.068159,0.0089482
1340,-0.16472,0.055052,-0.0014179,7639.2,4922.9,62.09,7.553,0.012517,0.055052,0.012517
1344,-0.15825,0.043682,0.0076226,7653.2,4949.7,62.092,7.5594,-0.023717,0.043682,0.023717
1348,-0.15201,0.035255,0.0055667,7667.2,4976.5,62.133,7.5656,0.034217,0.035255,0.034217
1352,-0.14597,0.027748,0.0084025,7681.2,5003.3,62.16,7.5716,0.014361,0.027748,0.014361
1356,-0.14014,0.019211,0.01612,7695.3,5030.2,62.204,7.5774,-0.0090905,0.019211,0.0090905
1360,-0.13456,0.013843,0.013015,7709.3,5057.0,62.271,7.5829,0.028807,0.013843,0.028807
1364,-0.12918,0.0065518,0.020871,7723.4,5083.9,62.335,7.5883,0.00094106,0.0065518,0.00094106
1368,-0.124,0.00025621,0.023644,7737.5,5110.8,62.428,7.5935,0.0128,0.00025621,0.0128
1372,-0.11907,-0.0057896,0.025991,7751.5,5137.8,62.538,7.5984,0.03411,0.0057896,0.03411
1376,-0.11448,-0.011068,0.032886,7765.5,5164.7,62.626,7.603,-0.055154,0.011068,0.055154
1380,-0.11,-0.016109,0.032425,7779.6,5191.8,62.765,7.6075,0.0061971,0.016109,0.0061971
1384,-0.10565,-0.022419,0.040407,7793.5,5218.8,62.899,7.6119,-0.027139,0.022419,0.027139
1388,-0.10158,-0.026027,0.038926,7807.4,5245.9,63.049,7.616,-0.019644,0.026027,0.019644
1392,-0.097644,-0.028329,0.036153,7821.3,5273.0,63.196,7.6199,-0.0025551,0.028329,0.0025551
1396,-0.093833,-0.030756,0.036666,7835.1,5300.2,63.338,7.6237,-0.0010448,0.030756,0.0010448
1400,-0.090164,-0.035393,0.042405,7848.9,5327.4,63.501,7.6274,0.012458,0.035393,0.012458
1404,-0.086772,-0.033733,0.032302,7862.6,5354.7,63.644,7.6308,0.010308,0.033733,0.010308
1408,-0.083429,-0.033386,0.030059,7876.2,5382.0,63.773,7.6341,0.024122,0.033386,0.024122
1412,-0.080191,-0.033671,0.031936,7889.8,5409.3,63.89,7.6374,0.0032706,0.033671,0.0032706
1416,-0.077062,-0.038052,0.042707,7903.4,5436.7,64.035,7.6405,-0.010659,0.038052,0.010659
1420,-0.074276,-0.034838,0.028204,7916.9,5464.2,64.183,7.6433,0.035399,0.034838,0.035399
1424,-0.071497,-0.035665,0.030795,7930.3,5491.6,64.315,7.6461,0.050227,0.035665,0.050227
1428,-0.068763,-0.03561,0.032161,7943.6,5519.2,64.436,7.6488,0.017442,0.03561,0.017442
1432,-0.066166,-0.033663,0.02782,7956.9,5546.7,64.553,7.6514,0.01422,0.033663,0.01422
1436,-0.063615,-0.035334,0.035368,7970.2,5574.3,64.669,7.654,-0.015835,0.035334,0.015835
1440,-0.061305,-0.033859,0.030708,7983.4,5602.0,64.792,7.6563,-0.009625,0.033859,0.009625
1444,-0.059125,-0.030261,0.019852,7996.5,5629.6,64.909,7.6584,0.055818,0.030261,0.055818
1448,-0.056871,-0.028086,0.021611,8009.6,5657.3,64.98,7.6607,0.0037998,0.028086,0.0037998
1452,-0.054673,-0.028242,0.024483,8022.6,5685.1,65.08,7.6629,0.026549,0.028242,0.026549
1456,-0.052705,-0.026208,0.024059,8035.6,5712.8,65.154,7.6648,-0.029643,0.026208,0.029643
1460,-0.050846,-0.022054,0.014245,8048.6,5740.6,65.234,7.6667,0.019553,0.022054,0.019553
1464,-0.04886,-0.021155,0.018101,8061.5,5768.4,65.294,7.6687,0.0046099,0.021155,0.0046099
1468,-0.047117,-0.0186,0.011565,8074.4,5796.3,65.374,7.6704,0.065728,0.0186,0.065728
1472,-0.045345,-0.016278,0.011342,8087.2,5824.2,65.419,7.6722,0.035813,0.016278,0.035813
1476,-0.043615,-0.016291,0.014697,8100.0,5852.1,65.481,7.6739,0.042754,0.016291,0.042754
1480,-0.041992,-0.012532,0.0080722,8112.8,5880.0,65.524,7.6755,0.029037,0.012532,0.029037
1484,-0.040357,-0.013997,0.015513,8125.5,5907.9,65.58,7.6772,0.034456,0.013997,0.034456
1488,-0.039131,-0.0062851,3.1994e-05,8138.3,5935.8,65.589,7.6784,-0.0077223,0.0062851,0.0077223
1492,-0.03762,-0.010806,0.016011,8151.0,5963.8,65.64,7.6799,0.036628,0.010806,0.036628
1496,-0.036265,-0.0067914,0.0056677,8163.7,5991.8,65.678,7.6812,0.023696,0.0067914,0.023696
1500,-0.034985,-0.0029528,-0.0018583,8176.4,6019.8,65.7,7.6825,0.060311,0.0029528,0.060311
1504,-0.033624,-0.0034924,0.0067702,8189.0,6047.8,65.707,7.6839,0.019851,0.0034924,0.019851
1508,-0.03373,0.015592,-0.043457,8201.7,6075.8,65.667,7.6838,0.13484,0.015592,0.13484
1512,-0.037178,0.06437,-0.13975,8214.2,6103.8,65.306,7.6806,0.19251,0.06437,0.19251
1516,-0.04255,0.12721,-0.22766,8226.9,6131.8,64.553,7.676,0.16666,0.12721,0.16666
1520,-0.047959,0.18765,-0.2841,8239.8,6159.7,63.527,7.6718,0.1719,0.18765,0.1719
1524,-0.051757,0.22367,-0.26756,8253.0,6187.4,62.387,7.669,0.020439,0.22367,0.020439
1528,-0.05505,0.24519,-0.249,8266.6,6214.9,61.361,7.6664,0.054331,0.24519,0.054331
1532,-0.057783,0.24113,-0.18917,8280.6,6242.1,60.49,7.6635,0.0071376,0.24113,0.0071376
1536,-0.059515,0.23323,-0.15532,8295.1,6269.2,59.793,7.6615,-0.024123,0.23323,0.024123
1540,-0.060537,0.22554,-0.14282,8309.8,6296.0,59.207,7.6603,0.023921,0.22554,0.023921
1544,-0.061522,0.22434,-0.14929,8324.9,6322.7,58.621,7.6593,0.031471,0.22434,0.031471
1548,-0.063052,0.23122,-0.17416,8340.2,6349.2,57.995,7.6579,0.10966,0.23122,0.10966
1552,-0.065441,0.24501,-0.19822,8355.8,6375.6,57.233,7.656,0.053448,0.24501,0.053448
1556,-0.068335,0.26023,-0.2215,8371.7,6401.8,56.412,7.6536,0.11946,0.26023,0.11946
1560,-0.071353,0.26611,-0.2068,8387.9,6427.7,55.52,7.6508,-0.016387,0.26611,0.016387
1564,-0.073624,0.26675,-0.19877,8404.5,6453.4,54.731,7.6485,0.065899,0.26675,0.065899
1568,-0.075501,0.25553,-0.16323,8421.5,6478.9,54.002,7.6463,0.00029696,0.25553,0.00029696
1572,-0.076534,0.2456,-0.14858,8438.8,6504.1,53.372,7.6449,-0.0079676,0.2456,0.0079676
1576,-0.076998,0.2289,-0.1221,8456.4,6529.1,52.827,7.6439,-0.022602,0.2289,0.022602
1580,-0.076787,0.21497,-0.11232,8474.2,6553.9,52.359,7.6437,-0.0033215,0.21497,0.0033215
1584,-0.076395,0.20835,-0.1221,8492.3,6578.5,51.903,7.6439,0.052997,0.20835,0.052997
1588,-0.076013,0.20311,-0.12479,8510.6,6603.0,51.415,7.6442,0.05041,0.20311,0.05041
1592,-0.07555,0.19774,-0.12135,8529.2,6627.3,50.916,7.6445,0.017536,0.19774,0.017536
1596,-0.074886,0.19112,-0.11546,8548.0,6651.5,50.444,7.645,0.0208,0.19112,0.0208
1600,-0.074042,0.18344,-0.10777,8566.9,6675.5,50.0,7.6457,0.021922,0.18344,0.021922
1604,-0.073145,0.165,-0.077073,8586.1,6699.3,49.652,7.6461,0.042298,0.165,0.042298
1608,-0.071602,0.15201,-0.067496,8605.5,6722.9,49.355,7.6474,-0.0021395,0.15201,0.0021395
1612,-0.069817,0.13665,-0.054285,8625.1,6746.5,49.121,7.6489,0.015928,0.13665,0.015928
1616,-0.067848,0.1234,-0.047219,8644.7,6769.9,48.924,7.6506,0.019571,0.1234,0.019571
1620,-0.065832,0.1113,-0.03889,8664.5,6793.3,48.739,7.6525,-0.021789,0.1113,0.021789
1624,-0.063746,0.10281,-0.042623,8684.4,6816.5,48.589,7.6544,0.035022,0.10281,0.035022
1628,-0.061677,0.090886,-0.030135,8704.4,6839.7,48.447,7.6564,0.016812,0.090886,0.016812
1632,-0.059598,0.080515,-0.021214,8724.5,6862.8,48.327,7.6583,-0.03411,0.080515,0.03411
1636,-0.057481,0.072787,-0.024203,8744.7,6885.9,48.253,7.6604,0.036183,0.072787,0.036183
1640,-0.055606,0.057837,0.0022345,8764.9,6908.9,48.18,7.6621,-0.070615,0.057837,0.070615
1644,-0.053638,0.051903,-0.0098029,8785.2,6931.9,48.181,7.664,0.024558,0.051903,0.024558
1648,-0.051604,0.038122,0.0099478,8805.5,6954.9,48.185,7.666,0.0036865,0.038122,0.0036865
1652,-0.049506,0.028488,0.013669,8825.8,6977.8,48.231,7.668,-0.00013832,0.028488,0.00013832
1656,-0.04749,0.018497,0.019241,8846.2,7000.8,48.304,7.67,0.016389,0.018497,0.016389
1660,-0.04558,0.012535,0.016003,8866.5,7023.8,48.381,7.6719,0.029962,0.012535,0.029962
1664,-0.043812,0.0072507,0.019645,8886.8,7046.7,48.431,7.6737,-0.031555,0.0072507,0.031555
1668,-0.04208,0.0019662,0.020899,8907.2,7069.7,48.511,7.6754,-0.0075123,0.0019662,0.0075123
1672,-0.040478,-0.00024043,0.017369,8927.5,7092.8,48.577,7.677,-0.013183,0.00024043,0.013183
1676,-0.038906,-0.0084577,0.028341,8947.8,7115.8,48.687,7.6786,0.032806,0.0084577,0.032806
1680,-0.037456,-0.010766,0.026403,8968.1,7138.9,48.776,7.6801,-0.023318,0.010766,0.023318
1684,-0.035988,-0.016034,0.031846,8988.4,7161.9,48.89,7.6815,-0.010376,0.016034,0.010376
1688,-0.034592,-0.020015,0.032423,9008.6,7185.1,49.02,7.6829,0.0084714,0.020015,0.0084714
1692,-0.033332,-0.02585,0.037243,9028.8,7208.2,49.176,7.6842,0.041348,0.02585,0.041348
1696,-0.032156,-0.024969,0.028462,9048.9,7231.5,49.297,7.6854,0.0099334,0.024969,0.0099334
1700,-0.030924,-0.030173,0.038441,9069.1,7254.7,49.434,7.6866,0.0089365,0.030173,0.0089365
1704,-0.029946,-0.029486,0.03263,9089.1,7278.0,49.557,7.6876,-0.024117,0.029486,0.024117
1708,-0.028999,-0.029307,0.026136,9109.1,7301.4,49.697,7.6886,0.057497,0.029307,0.057497
1712,-0.027989,-0.031484,0.035563,9129.1,7324.8,49.797,7.6896,-0.02876,0.031484,0.02876
1716,-0.027374,-0.030086,0.023087,9149.0,7348.2,49.952,7.6902,0.096154,0.030086,0.096154
1720,-0.026533,-0.031231,0.033561,9168.9,7371.7,50.033,7.691,-0.035296,0.031231,0.035296
1724,-0.025736,-0.028882,0.023781,9188.7,7395.2,50.156,7.6918,0.025987,0.028882,0.025987
1728,-0.024788,-0.029519,0.027855,9208.5,7418.8,50.259,7.6928,0.015116,0.029519,0.015116
1732,-0.023944,-0.028047,0.023511,9228.2,7442.4,50.367,7.6936,0.033236,0.028047,0.033236
1736,-0.023067,-0.028569,0.027648,9247.9,7466.0,50.465,7.6945,0.0080929,0.028569,0.0080929
1740,-0.022329,-0.025412,0.019392,9267.6,7489.7,50.56,7.6952,0.025701,0.025412,0.025701
1744,-0.02153,-0.024896,0.021155,9287.2,7513.4,50.646,7.696,0.029743,0.024896,0.029743
1748,-0.020787,-0.022685,0.018785,9306.8,7537.2,50.719,7.6967,0.010959,0.022685,0.010959
1752,-0.020029,-0.022288,0.020515,9326.3,7561.0,50.799,7.6975,0.015362,0.022288,0.015362
1756,-0.019314,-0.021453,0.020086,9345.8,7584.8,50.878,7.6982,0.014469,0.021453,0.014469
1760,-0.018706,-0.017663,0.012073,9365.3,7608.7,50.942,7.6988,0.025037,0.017663,0.025037
1764,-0.018152,-0.01323,0.0079834,9384.8,7632.5,50.967,7.6994,-0.0074941,0.01323,0.0074941
1768,-0.017671,-0.010571,0.0033762,9404.2,7656.4,51.016,7.6998,0.072785,0.010571,0.072785
1772,-0.017138,-0.0081921,0.0038596,9423.6,7680.4,51.036,7.7004,0.052277,0.0081921,0.052277
1776,-0.016491,-0.0095693,0.013377,9443.0,7704.3,51.067,7.701,0.014783,0.0095693,0.014783
1780,-0.016008,-0.0056126,0.0047297,9462.4,7728.2,51.095,7.7015,0.0092169,0.0056126,0.0092169
1784,-0.015429,-0.0045391,0.0050795,9481.7,7752.2,51.122,7.7021,0.03131,0.0045391,0.03131
1788,-0.01491,-0.0033326,0.0073348,9501.1,7776.2,51.131,7.7026,-0.012431,0.0033326,0.012431
1792,-0.014428,-0.0019594,0.0033255,9520.4,7800.2,51.165,7.7031,0.041126,0.0019594,0.041126
1796,-0.013905,-0.0012063,0.004705,9539.7,7824.2,51.18,7.7036,0.023308,0.0012063,0.023308
1800,-0.013414,0.0002196,0.0033275,9559.0,7848.2,51.194,7.7041,0.017077,0.0002196,0.017077
1804,-0.01299,0.0032338,-0.0016271,9578.3,7872.2,51.194,7.7045,0.017115,0.0032338,0.017115
1808,-0.01261,0.0073308,-0.0083836,9597.6,7896.2,51.178,7.7049,0.035586,0.0073308,0.035586
1812,-0.012146,0.0079696,-0.0034314,9616.9,7920.3,51.153,7.7054,0.019496,0.0079696,0.019496
1816,-0.011781,0.0095611,-0.0062374,9636.3,7944.3,51.146,7.7057,0.051024,0.0095611,0.051024
1820,-0.011386,0.010552,-0.0047231,9655.6,7968.3,51.124,7.7061,0.028806,0.010552,0.028806
1824,-0.011023,0.012525,-0.006266,9674.9,7992.3,51.095,7.7065,0.010492,0.012525,0.010492
1828,-0.010636,0.011371,-0.0023627,9694.2,8016.3,51.089,7.7069,0.037211,0.011371,0.037211
1832,-0.010337,0.013941,-0.0086288,9713.5,8040.4,51.07,7.7072,0.038784,0.013941,0.038784
1836,-0.0099639,0.012624,-0.0021336,9732.9,8064.4,51.049,7.7075,0.022866,0.012624,0.022866
1840,-0.009674,0.012215,-0.0032038,9752.2,8088.4,51.052,7.7078,0.051292,0.012215,0.051292
1844,-0.00933,0.0093622,0.0046331,9771.6,8112.4,51.054,7.7082,0.019371,0.0093622,0.019371
1848,-0.0091466,0.013138,-0.0072117,9790.9,8136.4,51.044,7.7084,0.020068,0.013138,0.020068
1852,-0.0089679,0.017126,-0.012824,9810.3,8160.4,50.993,7.7086,0.004222,0.017126,0.004222
1856,-0.0087358,0.01989,-0.015742,9829.6,8184.4,50.942,7.7088,0.031774,0.01989,0.031774
1860,-0.0084299,0.01848,-0.0060707,9849.0,8208.4,50.891,7.7091,0.00047369,0.01848,0.00047369
1864,-0.0081955,0.018713,-0.0086531,9868.4,8232.4,50.873,7.7093,0.041331,0.018713,0.041331
1868,-0.0078984,0.015413,0.001416,9887.8,8256.3,50.853,7.7096,0.0039219,0.015413,0.0039219
1872,-0.0077289,0.017388,-0.0081005,9907.2,8280.3,50.845,7.7098,0.034551,0.017388,0.034551
1876,-0.0075136,0.013838,0.00042129,9926.7,8304.2,50.842,7.71,0.043008,0.013838,0.043008
1880,-0.0073177,0.015079,-0.0049967,9946.1,8328.2,50.831,7.7102,0.029221,0.015079,0.029221
1884,-0.0071597,0.01595,-0.0045172,9965.5,8352.1,50.796,7.7104,-0.01281,0.01595,0.01281
1888,-0.0069845,0.016829,-0.0080706,9985.0,8376.1,50.779,7.7105,0.030757,0.016829,0.030757
1892,-0.0067261,0.013598,0.0023798,10004.0,8400.0,50.762,7.7108,-0.00038718,0.013598,0.00038718
1896,-0.0066918,0.016396,-0.0067284,10024.0,8423.9,50.742,7.7108,-0.0032057,0.016396,0.0032057
1900,-0.006573,0.019018,-0.012947,10043.0,8447.8,50.708,7.711,0.030949,0.019018,0.030949
1904,-0.0063872,0.018466,-0.0087148,10063.0,8471.7,50.672,7.7111,0.036198,0.018466,0.036198
1908,-0.0062205,0.014349,0.0012714,10082.0,8495.6,50.668,7.7113,0.039173,0.014349,0.039173
1912,-0.006069,0.015243,-0.0039554,10102.0,8519.5,50.66,7.7114,0.025185,0.015243,0.025185
1916,-0.0058662,0.011726,0.003399,10121.0,8543.4,50.667,7.7116,0.030154,0.011726,0.030154
1920,-0.0058274,0.015615,-0.008931,10141.0,8567.3,50.649,7.7117,0.022422,0.015615,0.022422
1924,-0.0057348,0.014629,-0.006093,10160.0,8591.2,50.637,7.7118,0.057744,0.014629,0.057744
1928,-0.005555,0.010768,0.0058887,10180.0,8615.1,50.629,7.712,0.0029297,0.010768,0.0029297
1932,-0.0055956,0.015355,-0.0097328,10199.0,8639.0,50.618,7.7119,0.022689,0.015355,0.022689
1936,-0.0054202,0.01302,0.0010909,10219.0,8662.8,50.589,7.7121,-0.015458,0.01302,0.015458
1940,-0.0052711,0.0096549,0.0045249,10239.0,8686.7,50.618,7.7122,0.040708,0.0096549,0.040708
1944,-0.0052716,0.012722,-0.0039111,10258.0,8710.6,50.601,7.7122,-0.0045815,0.012722,0.0045815
1948,-0.0051962,0.01352,-0.0072273,10278.0,8734.5,50.596,7.7123,0.051531,0.01352,0.051531
1952,-0.005119,0.010543,0.0013146,10297.0,8758.3,50.595,7.7124,0.046847,0.010543,0.046847
1956,-0.0050471,0.012729,-0.0041663,10317.0,8782.2,50.578,7.7125,0.0099154,0.012729,0.0099154
1960,-0.0049039,0.011087,-0.00059093,10336.0,8806.0,50.58,7.7126,0.037605,0.011087,0.037605
1964,-0.004746,0.0091988,0.0047224,10356.0,8829.9,50.579,7.7128,0.00014201,0.0091988,0.00014201
1968,-0.0047735,0.011034,-0.00099339,10375.0,8853.8,50.572,7.7127,-0.014165,0.011034,0.014165
1972,-0.0048338,0.011587,-0.0064156,10395.0,8877.6,50.586,7.7127,0.075972,0.011587,0.075972
1976,-0.0047817,0.0091936,0.0023034,10415.0,8901.5,50.579,7.7127,0.036162,0.0091936,0.036162
1980,-0.0046676,0.0089514,0.0029617,10434.0,8925.3,50.577,7.7128,-0.002626,0.0089514,0.002626
1984,-0.0046621,0.012213,-0.0071097,10454.0,8949.2,50.57,7.7128,0.024487,0.012213,0.024487
1988,-0.004505,0.0089538,0.0033549,10473.0,8973.0,50.569,7.713,0.024441,0.0089538,0.024441
1992,-0.0044256,0.010266,-0.0012379,10493.0,8996.9,50.567,7.7131,0.012361,0.010266,0.012361
1996,-0.0044754,0.007637,0.0018203,10512.0,9020.8,50.596,7.713,0.076314,0.007637,0.076314
2000,-0.0044234,0.0077531,0.0013515,10532.0,9044.6,50.6,7.7131,0.033901,0.0077531,0.033901
2004,-0.0043431,0.0087639,-0.0020308,10551.0,9068.5,50.603,7.7132,0.038168,0.0087639,0.038168
2008,-0.0042625,0.0099671,-0.0039469,10571.0,9092.3,50.595,7.7132,0.035684,0.0099671,0.035684
2012,-0.004133,0.0089605,0.00072743,10591.0,9116.2,50.588,7.7134,0.020973,0.0089605,0.020973
2016,-0.0039955,0.0073925,0.0045782,10610.0,9140.1,50.596,7.7135,0.0094805,0.0073925,0.0094805
2020,-0.0040308,0.0091213,-0.0042905,10630.0,9163.9,50.615,7.7135,0.063705,0.0091213,0.063705
2024,-0.0039282,0.0063547,0.0065346,10649.0,9187.8,50.61,7.7136,0.0047997,0.0063547,0.0047997
2028,-0.003945,0.0095236,-0.0043879,10669.0,9211.7,50.615,7.7136,0.026638,0.0095236,0.026638
2032,-0.0039299,0.0099465,-0.004818,10688.0,9235.5,50.613,7.7136,0.057403,0.0099465,0.057403
2036,-0.0038617,0.0095817,-0.0013522,10708.0,9259.4,50.602,7.7136,0.033046,0.0095817,0.033046
2040,-0.0037789,0.0082102,0.0047456,10727.0,9283.3,50.593,7.7137,-0.015348,0.0082102,0.015348
2044,-0.0036856,0.0065657,0.0048592,10747.0,9307.1,50.622,7.7138,0.027021,0.0065657,0.027021
2048,-0.0036366,0.0080354,-0.0002825,10767.0,9331.0,50.628,7.7139,0.01877,0.0080354,0.01877
2052,-0.003595,0.0090199,-0.0032877,10786.0,9354.9,50.63,7.7139,0.043484,0.0090199,0.043484
2056,-0.0034868,0.0073142,0.003716,10806.0,9378.7,50.627,7.714,0.011551,0.0073142,0.011551
2060,-0.0035669,0.011994,-0.0093423,10825.0,9402.6,50.615,7.7139,0.028677,0.011994,0.028677
2064,-0.0035029,0.0051843,0.011015,10845.0,9426.5,50.628,7.714,0.02327,0.0051843,0.02327
2068,-0.0037174,0.012141,-0.011023,10864.0,9450.4,50.623,7.7138,0.033168,0.012141,0.033168
2072,-0.0036788,0.0079035,0.0034034,10884.0,9474.2,50.623,7.7138,0.041578,0.0079035,0.041578
2076,-0.0036847,0.0065762,0.0083258,10903.0,9498.1,50.621,7.7138,-0.032969,0.0065762,0.032969
2080,-0.0037544,0.0071606,0.0035469,10923.0,9522.0,50.638,7.7137,-0.01165,0.0071606,0.01165
2084,-0.0037389,0.0076394,-0.0012338,10942.0,9545.9,50.659,7.7138,0.049295,0.0076394,0.049295
2088,-0.0036946,0.0096782,-0.003712,10962.0,9569.7,50.641,7.7138,0.015704,0.0096782,0.015704
2092,-0.0036191,0.0099821,-0.0033012,10982.0,9593.6,50.635,7.7139,0.035377,0.0099821,0.035377
2096,-0.0035002,0.0077159,0.0049571,11001.0,9617.5,50.632,7.714,0.0021667,0.0077159,0.0021667
2100,-0.0035495,0.011209,-0.0068881,11021.0,9641.4,50.633,7.714,0.035348,0.011209,0.035348
2104,-0.0034275,0.0072646,0.0073664,11040.0,9665.2,50.627,7.7141,-0.0045727,0.0072646,0.0045727
2108,-0.0034764,0.010159,-0.0038104,11060.0,9689.1,50.634,7.714,0.022653,0.010159,0.022653
2112,-0.0034048,0.0095924,-0.0015208,11079.0,9713.0,50.632,7.7141,0.037312,0.0095924,0.037312
2116,-0.0033313,0.0093594,0.0011295,11099.0,9736.9,50.621,7.7142,0.0018677,0.0093594,0.0018677
2120,-0.0032822,0.0098772,-0.0018217,11118.0,9760.8,50.626,7.7142,0.029712,0.0098772,0.029712
2124,-0.003178,0.0079715,0.0044855,11138.0,9784.6,50.626,7.7143,0.0041876,0.0079715,0.0041876
2128,-0.003119,0.0078521,0.0022812,11157.0,9808.5,50.64,7.7144,0.017183,0.0078521,0.017183
2132,-0.0031555,0.010803,-0.004816,11177.0,9832.4,50.627,7.7144,0.0082177,0.010803,0.0082177
2136,-0.0031029,0.011116,-0.0043297,11197.0,9856.3,50.617,7.7144,0.034545,0.011116,0.034545
2140,-0.0030054,0.0084856,0.0051461,11216.0,9880.1,50.611,7.7145,-0.0022312,0.0084856,0.0022312
2144,-0.0029532,0.0079829,0.0026929,11236.0,9904.0,50.631,7.7146,0.023391,0.0079829,0.023391
2148,-0.0029401,0.0091507,-0.0022727,11255.0,9927.9,50.638,7.7146,0.039289,0.0091507,0.039289
2152,-0.0029317,0.011216,-0.0060542,11275.0,9951.8,50.623,7.7146,0.033397,0.011216,0.033397
2156,-0.0028702,0.0084291,0.0028188,11294.0,9975.7,50.624,7.7146,0.032271,0.0084291,0.032271
2160,-0.0028681,0.010278,-0.0034195,11314.0,9999.5,50.624,7.7146,0.031975,0.010278,0.031975
2164,-0.0030058,0.010102,-0.0045039,11333.0,10023.0,50.632,7.7145,0.079891,0.010102,0.079891
2168,-0.0030125,0.0087136,0.004261,11353.0,10047.0,50.61,7.7145,-0.014854,0.0087136,0.014854
2172,-0.0031828,0.013099,-0.01144,11372.0,10071.0,50.613,7.7143,0.060489,0.013099,0.060489
2176,-0.0032091,0.0063895,0.010204,11392.0,10095.0,50.615,7.7143,0.024044,0.0063895,0.024044
2180,-0.0033401,0.011088,-0.0056193,11412.0,10119.0,50.614,7.7142,0.015823,0.011088,0.015823
2184,-0.0032173,0.008304,0.0038678,11431.0,10143.0,50.612,7.7143,0.01199,0.008304,0.01199
2188,-0.0032652,0.010766,-0.0060466,11451.0,10167.0,50.621,7.7142,0.053835,0.010766,0.053835
2192,-0.0032131,0.0076507,0.007331,11470.0,10191.0,50.605,7.7143,-0.022281,0.0076507,0.022281
2196,-0.0032361,0.008891,-0.00057502,11490.0,10214.0,50.624,7.7143,0.023893,0.008891,0.023893
2200,-0.0032926,0.013256,-0.011229,11509.0,10238.0,50.603,7.7142,0.038442,0.013256,0.038442
2204,-0.0032771,0.0090457,0.0028634,11529.0,10262.0,50.599,7.7142,0.041515,0.0090457,0.041515
2208,-0.0033306,0.011899,-0.0038569,11548.0,10286.0,50.581,7.7142,-0.0022506,0.011899,0.0022506
2212,-0.0034983,0.0089487,2.1615e-05,11568.0,10310.0,50.608,7.714,0.088482,0.0089487,0.088482
2216,-0.0035007,0.0061129,0.010185,11588.0,10334.0,50.605,7.714,-0.01786,0.0061129,0.01786
2220,-0.0035457,0.0082387,-0.00079459,11607.0,10358.0,50.627,7.714,0.023765,0.0082387,0.023765
2224,-0.0035248,0.0093997,-0.0041876,11627.0,10381.0,50.628,7.714,0.048774,0.0093997,0.048774
2228,-0.0034333,0.0075117,0.0031588,11646.0,10405.0,50.626,7.7141,0.021546,0.0075117,0.021546
2232,-0.0034952,0.011975,-0.0091761,11666.0,10429.0,50.613,7.714,0.032703,0.011975,0.032703
2236,-0.0034378,0.008034,0.0078209,11685.0,10453.0,50.592,7.7141,-0.033897,0.008034,0.033897
2240,-0.0034647,0.0082535,0.0027007,11705.0,10477.0,50.612,7.714,0.0034576,0.0082535,0.0034576
2244,-0.0034417,0.0087359,-0.0016244,11724.0,10501.0,50.628,7.7141,0.046898,0.0087359,0.046898
2248,-0.0033936,0.0093491,-0.00014372,11744.0,10525.0,50.611,7.7141,-0.00075086,0.0093491,0.00075086
2252,-0.0034033,0.012054,-0.0071135,11764.0,10549.0,50.599,7.7141,0.024811,0.012054,0.024811
2256,-0.0033113,0.010201,-0.00014576,11783.0,10572.0,50.591,7.7142,0.029999,0.010201,0.029999
2260,-0.0032486,0.0099711,-0.00060846,11803.0,10596.0,50.594,7.7143,0.033203,0.0099711,0.033203
2264,-0.0031385,0.0071591,0.0067913,11822.0,10620.0,50.603,7.7144,0.0086929,0.0071591,0.0086929
2268,-0.0033888,0.012465,-0.0074512,11842.0,10644.0,50.584,7.7141,-0.010511,0.012465,0.010511
2272,-0.0032717,0.0066332,0.0087987,11861.0,10668.0,50.598,7.7142,0.017755,0.0066332,0.017755
2276,-0.0033024,0.0094456,-0.002762,11881.0,10692.0,50.61,7.7142,0.029141,0.0094456,0.029141
2280,-0.0032498,0.0082453,0.00050599,11900.0,10716.0,50.616,7.7143,0.042039,0.0082453,0.042039
2284,-0.003255,0.0095685,-0.00036864,11920.0,10740.0,50.599,7.7143,-0.0095888,0.0095685,0.0095888
2288,-0.0032407,0.010545,-0.0022805,11940.0,10763.0,50.59,7.7143,0.0044426,0.010545,0.0044426
2292,-0.0031877,0.011079,-0.0024511,11959.0,10787.0,50.578,7.7143,0.0099359,0.011079,0.0099359
2296,-0.0030751,0.0079931,0.0052082,11979.0,10811.0,50.589,7.7144,0.019016,0.0079931,0.019016
2300,-0.0031505,0.011478,-0.0074874,11998.0,10835.0,50.593,7.7144,0.050985,0.011478,0.050985
2304,-0.0030688,0.0091467,0.0033311,12018.0,10859.0,50.576,7.7144,-0.00017385,0.0091467,0.00017385
2308,-0.0030287,0.0091454,0.0015549,12037.0,10883.0,50.582,7.7145,0.0070016,0.0091454,0.0070016
2312,-0.0029732,0.0086019,0.0026773,12057.0,10907.0,50.585,7.7145,0.00047941,0.0086019,0.00047941
2316,-0.0030061,0.008299,-0.00075538,12076.0,10930.0,50.609,7.7145,0.059439,0.008299,0.059439
2320,-0.0029909,0.0061193,0.0048238,12096.0,10954.0,50.622,7.7145,0.03863,0.0061193,0.03863
2324,-0.0030701,0.010648,-0.0079091,12116.0,10978.0,50.614,7.7144,0.035266,0.010648,0.035266
2328,-0.0030155,0.0096657,0.00097324,12135.0,11002.0,50.585,7.7145,-0.014657,0.0096657,0.014657
2332,-0.0029962,0.010261,-0.0022842,12155.0,11026.0,50.59,7.7145,0.025766,0.010261,0.025766
2336,-0.0029793,0.01188,-0.0042582,12174.0,11050.0,50.569,7.7145,0.006971,0.01188,0.006971
2340,-0.0028704,0.0084708,0.0061279,12194.0,11074.0,50.569,7.7146,-0.0026108,0.0084708,0.0026108
2344,-0.002826,0.007559,0.0051225,12213.0,11098.0,50.588,7.7147,0.0039673,0.007559,0.0039673
2348,-0.0028191,0.0083489,0.0012019,12233.0,11121.0,50.596,7.7147,0.0066462,0.0083489,0.0066462
2352,-0.0028096,0.0079759,0.0033575,12253.0,11145.0,50.593,7.7147,-0.014121,0.0079759,0.014121
2356,-0.0027641,0.0072359,0.0029681,12272.0,11169.0,50.61,7.7147,0.017002,0.0072359,0.017002
2360,-0.002815,0.01062,-0.0060568,12292.0,11193.0,50.6,7.7147,0.021476,0.01062,0.021476
2364,-0.0027433,0.0078651,0.0029045,12311.0,11217.0,50.603,7.7148,0.030289,0.0078651,0.030289
2368,-0.0028403,0.012548,-0.0093982,12331.0,11241.0,50.585,7.7147,0.026216,0.012548,0.026216
2372,-0.0027408,0.008491,0.0051877,12350.0,11265.0,50.577,7.7148,0.0082473,0.008491,0.0082473
2376,-0.0027003,0.0083302,0.0025582,12370.0,11288.0,50.592,7.7148,0.015697,0.0083302,0.015697
2380,-0.0027048,0.010217,-0.0032682,12389.0,11312.0,50.589,7.7148,0.02158,0.010217,0.02158
2384,-0.0026178,0.0082017,0.0033057,12409.0,11336.0,50.59,7.7149,0.014497,0.0082017,0.014497
2388,-0.0026856,0.0093765,-0.0035807,12429.0,11360.0,50.606,7.7148,0.060808,0.0093765,0.060808
2392,-0.0027321,0.006161,0.0052765,12448.0,11384.0,50.62,7.7148,0.048209,0.006161,0.048209
2396,-0.0029111,0.01199,-0.009095,12468.0,11408.0,50.596,7.7146,0.0093226,0.01199,0.0093226
2400,-0.0029089,0.0057593,0.0083692,12487.0,11432.0,50.614,7.7146,0.041202,0.0057593,0.041202
2404,-0.0031243,0.011138,-0.0060705,12507.0,11456.0,50.597,7.7144,-0.0045741,0.011138,0.0045741
2408,-0.0030569,0.01096,-0.0034954,12526.0,11479.0,50.585,7.7145,0.025021,0.01096,0.025021
2412,-0.0029795,0.0093063,0.0012242,12546.0,11503.0,50.587,7.7145,0.029846,0.0093063,0.029846
2416,-0.0030439,0.011235,-0.0019365,12565.0,11527.0,50.567,7.7145,-0.014576,0.011235,0.014576
2420,-0.0030652,0.011079,-0.0039889,12585.0,11551.0,50.575,7.7144,0.054624,0.011079,0.054624
2424,-0.0029921,0.0058585,0.011963,12605.0,11575.0,50.581,7.7145,-0.0072743,0.0058585,0.0072743
2428,-0.0031066,0.0082886,0.00084789,12624.0,11599.0,50.598,7.7144,-0.00016797,0.0082886,0.00016797
2432,-0.0030909,0.0045832,0.0070543,12644.0,11623.0,50.635,7.7144,0.051445,0.0045832,0.051445
2436,-0.0032733,0.0099208,-0.0057822,12663.0,11646.0,50.615,7.7142,-0.0035177,0.0099208,0.0035177
2440,-0.0032204,0.010714,-0.0041022,12683.0,11670.0,50.594,7.7143,0.008377,0.010714,0.008377
2444,-0.0031454,0.010465,-0.0010397,12702.0,11694.0,50.581,7.7144,0.0054098,0.010465,0.0054098
2448,-0.0030939,0.0099272,0.0014147,12722.0,11718.0,50.573,7.7144,-0.0051968,0.0099272,0.0051968
2452,-0.0031102,0.011033,-0.0045523,12742.0,11742.0,50.582,7.7144,0.048389,0.011033,0.048389
2456,-0.0030413,0.004839,0.012965,12761.0,11766.0,50.598,7.7145,0.0091837,0.004839,0.0091837
2460,-0.0033049,0.011856,-0.011059,12781.0,11790.0,50.602,7.7142,0.041788,0.011856,0.041788
2464,-0.0032877,0.0062196,0.0074602,12800.0,11813.0,50.606,7.7142,0.032778,0.0062196,0.032778
2468,-0.0035097,0.011611,-0.0065187,12820.0,11837.0,50.586,7.714,-0.009818,0.011611,0.009818
2472,-0.003438,0.008475,0.0019672,12839.0,11861.0,50.595,7.7141,0.040741,0.008475,0.040741
2476,-0.0033757,0.0090049,0.00029963,12859.0,11885.0,50.595,7.7141,0.017562,0.0090049,0.017562
2480,-0.0032928,0.0087272,0.0012686,12878.0,11909.0,50.595,7.7142,0.010884,0.0087272,0.010884
2484,-0.003268,0.0090518,0.0013348,12898.0,11933.0,50.589,7.7142,-0.0082887,0.0090518,0.0082887
2488,-0.0032056,0.0087822,0.00065707,12918.0,11957.0,50.597,7.7143,0.018802,0.0087822,0.018802
2492,-0.0031372,0.0086946,0.001294,12937.0,11981.0,50.595,7.7144,0.0072419,0.0086946,0.0072419
2496,-0.0030694,0.0084697,0.0013371,12957.0,12004.0,50.6,7.7144,0.012938,0.0084697,0.012938
2500,-0.0031633,0.009161,0.0020634,12976.0,12028.0,50.584,7.7143,-0.033508,0.009161,0.033508
2504,-0.0032601,0.010038,-0.0048068,12996.0,12052.0,50.604,7.7142,0.062813,0.010038,0.062813
2508,-0.003426,0.010495,-0.0057671,13015.0,12076.0,50.602,7.7141,0.082063,0.010495,0.082063
2512,-0.0034711,0.011929,-0.0063334,13035.0,12100.0,50.579,7.714,0.046221,0.011929,0.046221
2516,-0.0033824,0.0078947,0.0062176,13055.0,12124.0,50.58,7.7141,0.020298,0.0078947,0.020298
2520,-0.0034546,0.010649,-0.0021276,13074.0,12148.0,50.573,7.7141,-0.0048895,0.010649,0.0048895
2524,-0.0033484,0.0076576,0.0044811,13094.0,12171.0,50.59,7.7142,0.028353,0.0076576,0.028353
2528,-0.0032909,0.0082106,0.0010927,13113.0,12195.0,50.599,7.7142,0.02114,0.0082106,0.02114
2532,-0.0032556,0.0082581,-0.00072248,13133.0,12219.0,50.61,7.7142,0.04474,0.0082581,0.04474
2536,-0.0032421,0.010696,-0.0049704,13152.0,12243.0,50.592,7.7143,0.018333,0.010696,0.018333
2540,-0.0031678,0.010918,-0.0032659,13172.0,12267.0,50.578,7.7143,0.022937,0.010918,0.022937
2544,-0.0030928,0.0083969,0.0030153,13191.0,12291.0,50.587,7.7144,0.034714,0.0083969,0.034714
2548,-0.0030701,0.0083982,0.0033849,13211.0,12315.0,50.584,7.7144,-0.0093785,0.0083982,0.0093785
2552,-0.0032588,0.0078121,-0.0015404,13231.0,12339.0,50.622,7.7142,0.089077,0.0078121,0.089077
2556,-0.0033187,0.0094498,-0.00077002,13250.0,12362.0,50.593,7.7142,-0.0093583,0.0094498,0.0093583
2560,-0.0033932,0.0073666,0.00086995,13270.0,12386.0,50.622,7.7141,0.071818,0.0073666,0.071818
2564,-0.0034277,0.0099405,-0.0027679,13289.0,12410.0,50.6,7.7141,0.00075823,0.0099405,0.00075823
2568,-0.0033454,0.0083099,0.0011031,13309.0,12434.0,50.609,7.7142,0.035682,0.0083099,0.035682
2572,-0.0033581,0.011536,-0.0072183,13328.0,12458.0,50.596,7.7142,0.033763,0.011536,0.033763
2576,-0.003364,0.011035,-0.0044156,13348.0,12482.0,50.588,7.7141,0.056067,0.011035,0.056067
2580,-0.0032817,0.0077463,0.0073632,13367.0,12506.0,50.582,7.7142,-0.0070295,0.0077463,0.0070295
2584,-0.0034665,0.012853,-0.011365,13387.0,12529.0,50.588,7.714,0.060027,0.012853,0.060027
2588,-0.0034729,0.0061228,0.010514,13407.0,12553.0,50.59,7.714,0.021625,0.0061228,0.021625
2592,-0.0036379,0.012105,-0.0098684,13426.0,12577.0,50.592,7.7139,0.04114,0.012105,0.04114
2596,-0.0035882,0.0084487,0.0028554,13446.0,12601.0,50.588,7.7139,0.037949,0.0084487,0.037949
2600,-0.0036378,0.01135,-0.0035801,13465.0,12625.0,50.569,7.7139,-0.0054391,0.01135,0.0054391
2604,-0.0035301,0.0097955,0.00060014,13485.0,12649.0,50.571,7.714,0.023017,0.0097955,0.023017
2608,-0.0034426,0.0094638,0.00055731,13504.0,12673.0,50.574,7.7141,0.022777,0.0094638,0.022777
2612,-0.0033903,0.009271,0.0021324,13524.0,12696.0,50.567,7.7141,-0.0077727,0.009271,0.0077727
2616,-0.0033564,0.0097822,-0.0019025,13544.0,12720.0,50.578,7.7141,0.03523,0.0097822,0.03523
2620,-0.0032582,0.0055935,0.0088195,13563.0,12744.0,50.596,7.7142,0.02274,0.0055935,0.02274
2624,-0.0033104,0.0090741,-0.0033478,13583.0,12768.0,50.602,7.7142,0.022483,0.0090741,0.022483
2628,-0.0031917,0.0053029,0.0077745,13602.0,12792.0,50.615,7.7143,0.016411,0.0053029,0.016411
2632,-0.0034355,0.0095817,-0.0028738,13622.0,12816.0,50.6,7.7141,-0.026112,0.0095817,0.026112
2636,-0.0034,0.010113,-0.0033929,13641.0,12840.0,50.595,7.7141,0.020197,0.010113,0.020197
2640,-0.0033689,0.011047,-0.0023443,13661.0,12864.0,50.571,7.7141,-0.0063287,0.011047,0.0063287
2644,-0.0034072,0.0091111,0.0057381,13680.0,12887.0,50.558,7.7141,-0.0418,0.0091111,0.0418
2648,-0.0034642,0.010174,-0.0014049,13700.0,12911.0,50.573,7.714,0.015895,0.010174,0.015895
2652,-0.0034462,0.0086006,0.00054774,13720.0,12935.0,50.589,7.7141,0.05469,0.0086006,0.05469
2656,-0.0034471,0.0072175,0.0024967,13739.0,12959.0,50.605,7.7141,0.050855,0.0072175,0.050855
2660,-0.0034602,0.0096032,-0.0020672,13759.0,12983.0,50.59,7.714,0.00075491,0.0096032,0.00075491
2664,-0.0034577,0.0094001,0.0015706,13778.0,13007.0,50.574,7.714,-0.022494,0.0094001,0.022494
2668,-0.0034,0.0085307,0.0024735,13798.0,13031.0,50.584,7.7141,0.0054873,0.0085307,0.0054873
2672,-0.0033564,0.0081574,0.0033942,13817.0,13054.0,50.585,7.7141,-0.0085604,0.0081574,0.0085604
2676,-0.003329,0.0091212,-0.0011884,13837.0,13078.0,50.593,7.7142,0.021253,0.0091212,0.021253
2680,-0.0032822,0.010415,-0.0039423,13857.0,13102.0,50.585,7.7142,0.028929,0.010415,0.028929
2684,-0.0031738,0.0077451,0.0044094,13876.0,13126.0,50.588,7.7143,0.01826,0.0077451,0.01826
2688,-0.0032328,0.0078575,0.0047646,13896.0,13150.0,50.585,7.7143,-0.029479,0.0078575,0.029479
2692,-0.0032455,0.0087359,-0.00088949,13915.0,13174.0,50.6,7.7143,0.02364,0.0087359,0.02364
2696,-0.003258,0.010301,-0.0019638,13935.0,13198.0,50.579,7.7142,-0.01043,0.010301,0.01043
2700,-0.0031683,0.0082728,0.0041397,13954.0,13221.0,50.581,7.7143,-0.0023444,0.0082728,0.0023444
2704,-0.0032055,0.0096433,-0.0037126,13974.0,13245.0,50.598,7.7143,0.054439,0.0096433,0.054439
2708,-0.0031272,0.0072904,0.0047446,13993.0,13269.0,50.597,7.7144,0.015664,0.0072904,0.015664
2712,-0.00313,0.0093735,-0.00208,14013.0,13293.0,50.598,7.7144,0.015135,0.0093735,0.015135
2716,-0.0030561,0.0092221,-0.00080558,14033.0,13317.0,50.595,7.7144,0.022972,0.0092221,0.022972
2720,-0.0030083,0.0096498,-0.00034444,14052.0,13341.0,50.585,7.7145,0.0036187,0.0096498,0.0036187
2724,-0.0029871,0.0093558,0.0018093,14072.0,13365.0,50.577,7.7145,-0.011533,0.0093558,0.011533
2728,-0.00299,0.007617,0.0065623,14091.0,13389.0,50.581,7.7145,-0.024919,0.007617,0.024919
2732,-0.0031912,0.011095,-0.008817,14111.0,13412.0,50.6,7.7143,0.071364,0.011095,0.071364
2736,-0.003208,0.0042282,0.01581,14130.0,13436.0,50.593,7.7143,-0.031821,0.0042282,0.031821
2740,-0.0035874,0.0088544,-0.0025102,14150.0,13460.0,50.611,7.7139,-0.012264,0.0088544,0.012264
2744,-0.0035485,0.010148,-0.0049612,14170.0,13484.0,50.604,7.714,0.029324,0.010148,0.029324
2748,-0.0034251,0.0056615,0.0086465,14189.0,13508.0,50.614,7.7141,0.013544,0.0056615,0.013544
2752,-0.0034321,0.0079707,-0.0015484,14209.0,13532.0,50.631,7.7141,0.033657,0.0079707,0.033657
2756,-0.0033974,0.010196,-0.0051934,14228.0,13556.0,50.615,7.7141,0.024127,0.010196,0.024127
2760,-0.0033775,0.0069225,0.003515,14248.0,13579.0,50.63,7.7141,0.050192,0.0069225,0.050192
2764,-0.0035568,0.013814,-0.01305,14267.0,13603.0,50.597,7.714,0.018715,0.013814,0.018715
2768,-0.0034499,0.013088,-0.0052584,14287.0,13627.0,50.564,7.7141,0.019929,0.013088,0.019929
2772,-0.0033294,0.01064,0.0024284,14306.0,13651.0,50.558,7.7142,0.011257,0.01064,0.011257
2776,-0.0032363,0.009155,0.0042267,14326.0,13675.0,50.568,7.7143,0.0064963,0.009155,0.0064963
2780,-0.0031513,0.0068503,0.0081601,14346.0,13699.0,50.585,7.7144,-0.0071825,0.0068503,0.0071825
2784,-0.0031219,0.0070579,0.0027171,14365.0,13723.0,50.611,7.7144,0.02481,0.0070579,0.02481
2788,-0.0031111,0.0090143,-0.0020281,14385.0,13747.0,50.606,7.7144,0.011377,0.0090143,0.011377
2792,-0.0030913,0.0093927,-0.0033071,14404.0,13770.0,50.608,7.7144,0.046954,0.0093927,0.046954
2796,-0.0031125,0.012632,-0.0093827,14424.0,13794.0,50.584,7.7144,0.038031,0.012632,0.038031
2800,-0.0030605,0.0096632,0.0013328,14443.0,13818.0,50.576,7.7144,0.034582,0.0096632,0.034582
2804,-0.0030564,0.0079438,0.0072761,14463.0,13842.0,50.572,7.7144,-0.028329,0.0079438,0.028329
2808,-0.0031843,0.011171,-0.0054606,14482.0,13866.0,50.58,7.7143,0.0232,0.011171,0.0232
2812,-0.0030797,0.0091363,0.0019916,14502.0,13890.0,50.575,7.7144,0.017193,0.0091363,0.017193
2816,-0.0030274,0.0073428,0.0069054,14522.0,13914.0,50.579,7.7145,-0.016353,0.0073428,0.016353
2820,-0.0030968,0.0097474,-0.0026931,14541.0,13937.0,50.587,7.7144,0.015567,0.0097474,0.015567
2824,-0.0030917,0.011185,-0.0033157,14561.0,13961.0,50.564,7.7144,-0.0039442,0.011185,0.0039442
2828,-0.0029833,0.0070474,0.0068917,14580.0,13985.0,50.581,7.7145,0.021217,0.0070474,0.021217
2832,-0.0032005,0.010618,-0.0022099,14600.0,14009.0,50.566,7.7143,-0.026635,0.010618,0.026635
2836,-0.003165,0.0097867,-0.0014094,14619.0,14033.0,50.574,7.7143,0.036296,0.0097867,0.036296
2840,-0.0030877,0.009218,0.0013897,14639.0,14057.0,50.568,7.7144,0.0096412,0.009218,0.0096412
2844,-0.003027,0.0077061,0.0055306,14659.0,14081.0,50.572,7.7145,-0.010782,0.0077061,0.010782
2848,-0.0030319,0.0089207,-0.00073467,14678.0,14104.0,50.583,7.7145,0.019634,0.0089207,0.019634
2852,-0.0029659,0.007146,0.0029845,14698.0,14128.0,50.597,7.7145,0.036004,0.007146,0.036004
2856,-0.0029977,0.0098571,-0.003177,14717.0,14152.0,50.585,7.7145,0.0056711,0.0098571,0.0056711
2860,-0.0030573,0.010618,-0.0061286,14737.0,14176.0,50.588,7.7145,0.064632,0.010618,0.064632
2864,-0.0030131,0.0088957,0.0017916,14756.0,14200.0,50.577,7.7145,0.022114,0.0088957,0.022114
2868,-0.0030375,0.011509,-0.0046907,14776.0,14224.0,50.563,7.7145,0.0098438,0.011509,0.0098438
2872,-0.0029914,0.0084997,0.0026179,14796.0,14248.0,50.575,7.7145,0.043197,0.0084997,0.043197
2876,-0.0029931,0.009626,0.00039529,14815.0,14271.0,50.565,7.7145,-0.0032618,0.009626,0.0032618
2880,-0.0028988,0.0071829,0.0050878,14835.0,14295.0,50.583,7.7146,0.020427,0.0071829,0.020427
2884,-0.0029238,0.0096056,-0.0039659,14854.0,14319.0,50.59,7.7146,0.038734,0.0096056,0.038734
2888,-0.0028787,0.0082146,0.0039888,14874.0,14343.0,50.574,7.7146,-0.0162,0.0082146,0.0162
2892,-0.0029269,0.010423,-0.0043043,14893.0,14367.0,50.578,7.7146,0.026056,0.010423,0.026056
2896,-0.0029026,0.0084227,0.0010426,14913.0,14391.0,50.586,7.7146,0.046351,0.0084227,0.046351
2900,-0.0028775,0.0087248,0.0017503,14933.0,14415.0,50.577,7.7146,-0.0019556,0.0087248,0.0019556
2904,-0.0029909,0.011804,-0.0092348,14952.0,14438.0,50.581,7.7145,0.062996,0.011804,0.062996
2908,-0.0029894,0.0042378,0.016347,14972.0,14462.0,50.579,7.7145,-0.024229,0.0042378,0.024229
2912,-0.0033822,0.0090104,-0.002097,14991.0,14486.0,50.594,7.7141,-0.018867,0.0090104,0.018867
2916,-0.00332,0.0086741,-3.5175e-05,15011.0,14510.0,50.592,7.7142,0.0086491,0.0086741,0.0086491
2920,-0.0032056,0.006538,0.0054407,15030.0,14534.0,50.603,7.7143,0.010753,0.006538,0.010753
2924,-0.0032039,0.0083233,-0.00060461,15050.0,14558.0,50.608,7.7143,0.010259,0.0083233,0.010259
2928,-0.0033368,0.0095688,-0.0063778,15069.0,14582.0,50.62,7.7142,0.080132,0.0095688,0.080132
2932,-0.0033953,0.010351,-0.0049113,15089.0,14606.0,50.601,7.7141,0.050998,0.010351,0.050998
2936,-0.0034544,0.013713,-0.0079518,15109.0,14629.0,50.556,7.7141,-0.0079926,0.013713,0.0079926
2940,-0.0033753,0.013025,-0.0044757,15128.0,14653.0,50.541,7.7141,0.029016,0.013025,0.029016
2944,-0.0032549,0.0079221,0.0092224,15148.0,14677.0,50.551,7.7142,0.0085174,0.0079221,0.0085174
2948,-0.0032314,0.0079176,0.0023875,15167.0,14701.0,50.584,7.7143,0.042373,0.0079176,0.042373
2952,-0.0031275,0.004623,0.010123,15187.0,14725.0,50.604,7.7144,0.0085274,0.004623,0.0085274
2956,-0.0033174,0.0087004,-0.0021831,15206.0,14749.0,50.603,7.7142,-0.010946,0.0087004,0.010946
2960,-0.0032289,0.0075884,0.0013443,15226.0,14773.0,50.608,7.7143,0.020393,0.0075884,0.020393
2964,-0.0031988,0.0092226,-0.003226,15246.0,14796.0,50.607,7.7143,0.030703,0.0092226,0.030703
2968,-0.0031525,0.010559,-0.0045462,15265.0,14820.0,50.592,7.7144,0.027131,0.010559,0.027131
2972,-0.0030583,0.0090942,0.0022495,15285.0,14844.0,50.581,7.7144,0.0018117,0.0090942,0.0018117
2976,-0.0030828,0.011652,-0.0059374,15304.0,14868.0,50.577,7.7144,0.028296,0.011652,0.028296
2980,-0.003041,0.0091353,0.0013653,15324.0,14892.0,50.58,7.7145,0.042174,0.0091353,0.042174
2984,-0.00297,0.0073742,0.0063704,15343.0,14916.0,50.584,7.7145,-0.0041233,0.0073742,0.0041233
2988,-0.003141,0.010674,-0.0031453,15363.0,14940.0,50.575,7.7144,-0.012794,0.010674,0.012794
2992,-0.0030819,0.0078002,0.0030142,15382.0,14963.0,50.593,7.7144,0.039824,0.0078002,0.039824
2996,-0.0031,0.010411,-0.005108,15402.0,14987.0,50.59,7.7144,0.039363,0.010411,0.039363
3000,-0.0030256,0.010045,-0.00068102,15422.0,15011.0,50.573,7.7145,0.010094,0.010045,0.010094
3004,-0.0029246,0.0079073,0.0045283,15441.0,15035.0,50.582,7.7146,0.012177,0.0079073,0.012177
3008,-0.0029884,0.010378,-0.0056991,15461.0,15059.0,50.592,7.7145,0.054838,0.010378,0.054838
3012,-0.0029195,0.0074069,0.0063983,15480.0,15083.0,50.582,7.7146,-0.0063428,0.0074069,0.0063428
3016,-0.0029445,0.0092003,-0.0021314,15500.0,15107.0,50.595,7.7146,0.029895,0.0092003,0.029895
3020,-0.0028525,0.0056016,0.0076428,15519.0,15131.0,50.61,7.7146,0.020872,0.0056016,0.020872
3024,-0.0029912,0.0091123,-0.0021026,15539.0,15154.0,50.604,7.7145,-0.0083221,0.0091123,0.0083221
3028,-0.0029418,0.0084491,0.001581,15559.0,15178.0,50.598,7.7146,-0.0035373,0.0084491,0.0035373
3032,-0.003019,0.011247,-0.0049385,15578.0,15202.0,50.583,7.7145,0.00054968,0.011247,0.00054968
3036,-0.0029506,0.010935,-0.0025814,15598.0,15226.0,50.573,7.7146,0.022531,0.010935,0.022531
3040,-0.0028539,0.0088356,0.0037916,15617.0,15250.0,50.573,7.7147,0.0084317,0.0088356,0.0084317
3044,-0.0028657,0.0096474,-0.0022152,15637.0,15274.0,50.589,7.7146,0.047806,0.0096474,0.047806
3048,-0.0028018,0.0082223,0.0038947,15656.0,15298.0,50.582,7.7147,0.00044283,0.0082223,0.00044283
3052,-0.0027388,0.0071742,0.003879,15676.0,15321.0,50.601,7.7148,0.019819,0.0071742,0.019819
3056,-0.0027402,0.0083279,0.00067675,15695.0,15345.0,50.6,7.7148,0.0015516,0.0083279,0.0015516
3060,-0.0027459,0.010219,-0.0043603,15715.0,15369.0,50.595,7.7148,0.023787,0.010219,0.023787
3064,-0.0027724,0.010276,-0.004264,15735.0,15393.0,50.594,7.7147,0.056236,0.010276,0.056236
3068,-0.0027782,0.0101,-0.0023434,15754.0,15417.0,50.587,7.7147,0.043131,0.0101,0.043131
3072,-0.0027362,0.010251,-0.00046265,15774.0,15441.0,50.572,7.7148,0.0067197,0.010251,0.0067197
3076,-0.0026665,0.0090271,0.0017573,15793.0,15465.0,50.579,7.7148,0.022131,0.0090271,0.022131
3080,-0.002645,0.0093187,0.0011832,15813.0,15489.0,50.576,7.7149,6.032e-05,0.0093187,6.032e-05
3084,-0.0026876,0.0080508,0.00055107,15832.0,15512.0,50.601,7.7148,0.060279,0.0080508,0.060279
3088,-0.0026817,0.0090201,-0.0011586,15852.0,15536.0,50.595,7.7148,0.026028,0.0090201,0.026028
3092,-0.0025997,0.0069591,0.0045999,15872.0,15560.0,50.604,7.7149,0.01818,0.0069591,0.01818
3096,-0.0026222,0.0092318,-0.0028066,15891.0,15584.0,50.605,7.7149,0.022669,0.0092318,0.022669
3100,-0.0026986,0.0093099,0.0018916,15911.0,15608.0,50.58,7.7148,-0.03418,0.0093099,0.03418
3104,-0.0027239,0.0096212,-0.0018997,15930.0,15632.0,50.594,7.7148,0.032694,0.0096212,0.032694
3108,-0.002673,0.0095957,3.6853e-05,15950.0,15656.0,50.583,7.7148,0.008336,0.0095957,0.008336
3112,-0.0027213,0.011779,-0.0043209,15969.0,15679.0,50.565,7.7148,-0.00037745,0.011779,0.00037745
3116,-0.0027142,0.0085992,0.0073168,15989.0,15703.0,50.555,7.7148,-0.034354,0.0085992,0.034354
3120,-0.0027742,0.0094725,-0.00085662,16009.0,15727.0,50.579,7.7147,0.031702,0.0094725,0.031702
3124,-0.0029327,0.0080545,-0.00044268,16028.0,15751.0,50.603,7.7146,0.082578,0.0080545,0.082578
3128,-0.0029309,0.0061404,0.0076309,16048.0,15775.0,50.598,7.7146,-0.0088832,0.0061404,0.0088832
3132,-0.0030134,0.0088218,-0.0019965,16067.0,15799.0,50.604,7.7145,0.0089492,0.0088218,0.0089492
3136,-0.0029412,0.0085333,-0.00024539,16087.0,15823.0,50.603,7.7146,0.021652,0.0085333,0.021652
3140,-0.0029609,0.010052,-0.0016772,16106.0,15846.0,50.585,7.7145,-0.0084655,0.010052,0.0084655
3144,-0.0028721,0.0063169,0.0090378,16126.0,15870.0,50.594,7.7146,-0.014214,0.0063169,0.014214
3148,-0.0031354,0.010757,-0.0047426,16145.0,15894.0,50.589,7.7144,-0.011237,0.010757,0.011237
3152,-0.0031711,0.010544,-0.0049454,16165.0,15918.0,50.593,7.7143,0.060725,0.010544,0.060725
3156,-0.00311,0.008814,0.0036044,16185.0,15942.0,50.578,7.7144,-0.0023762,0.008814,0.0023762
3160,-0.0030852,0.0090731,0.0014077,16204.0,15966.0,50.583,7.7144,0.0027595,0.0090731,0.0027595
3164,-0.0030079,0.007235,0.0059258,16224.0,15990.0,50.591,7.7145,-0.0055616,0.007235,0.0055616
3168,-0.0030817,0.0098914,-0.0028604,16243.0,16014.0,50.591,7.7144,0.0065894,0.0098914,0.0065894
3172,-0.003004,0.0083244,0.0012764,16263.0,16037.0,50.598,7.7145,0.031862,0.0083244,0.031862
3176,-0.0032599,0.015947,-0.016164,16282.0,16061.0,50.554,7.7143,0.012021,0.015947,0.012021
3180,-0.0036495,0.0019375,0.021886,16302.0,16085.0,50.596,7.7139,0.069357,0.0019375,0.069357
3184,-0.0039481,0.0035448,0.012353,16322.0,16109.0,50.623,7.7136,-0.050728,0.0035448,0.050728
3188,-0.0039119,0.00029681,0.012129,16341.0,16133.0,50.693,7.7136,0.038756,0.00029681,0.038756
3192,-0.0039855,0.0053063,-0.0033445,16361.0,16157.0,50.705,7.7135,0.029117,0.0053063,0.029117
3196,-0.004076,0.0066399,-0.0057493,16380.0,16181.0,50.71,7.7134,0.079201,0.0066399,0.079201
