Time (s),Surge Velocity,Sway Velocity,Yaw Rate,Position X,Position Y,Yaw Angle,Speed U,Rudder Angle (rad)
0,0.0,0.0,0.0,0.0,0.0,31.694,7.7175,0.0
4,-1.4019e-06,-0.004718,0.015865,26.267,16.217,31.728,7.7175,-6.7484e-07
8,-1.2441e-05,-0.010851,0.027142,52.529,32.443,31.814,7.7175,-0.0011586
12,-7.9683e-05,-0.018696,0.039633,78.774,48.696,31.937,7.7174,-0.029452
16,-0.00025521,-0.020524,0.03047,104.99,64.992,32.083,7.7173,0.019314
20,-0.00051377,-0.016877,0.014308,131.17,81.345,32.181,7.717,0.052228
24,-0.00071663,-0.01348,0.0075896,157.32,97.744,32.234,7.7168,0.058694
28,-0.0010005,-0.0048943,-0.0061129,183.45,114.18,32.224,7.7165,0.020781
32,-0.0011117,0.00080978,-0.0089142,209.57,130.62,32.19,7.7164,0.018022
36,-0.0011409,0.0036298,-0.005752,235.69,147.07,32.159,7.7164,0.015234
40,-0.0013096,0.0065837,-0.0038949,261.81,163.51,32.12,7.7162,-0.026049
44,-0.0014107,0.0084416,-0.0068721,287.94,179.94,32.115,7.7161,0.044527
48,-0.0013933,0.0070226,0.0019446,314.07,196.37,32.102,7.7161,0.013122
52,-0.0014247,0.0050749,0.0085546,340.2,212.8,32.107,7.7161,-0.023545
56,-0.0014832,0.0051584,0.0035254,366.32,229.23,32.14,7.716,0.026953
60,-0.0015175,0.0065912,-0.00061217,392.45,245.67,32.147,7.716,0.028716
64,-0.0018333,0.013605,-0.018606,418.56,262.12,32.126,7.7157,0.079603
68,-0.002003,0.014605,-0.006722,444.67,278.57,32.043,7.7155,-0.037087
72,-0.0023285,0.021106,-0.023389,470.8,294.99,32.002,7.7152,0.058041
76,-0.0023947,0.018191,-0.0076449,496.94,311.39,31.949,7.7151,0.040701
80,-0.0024042,0.019151,-0.0080023,523.09,327.78,31.908,7.7151,0.0065448
84,-0.0023826,0.018001,-0.0060923,549.26,344.15,31.891,7.7151,0.036983
88,-0.002405,0.016689,-0.0046076,575.43,360.5,31.881,7.7151,0.048908
92,-0.0024332,0.018243,-0.007618,601.6,376.86,31.845,7.7151,0.0098281
96,-0.0024304,0.01823,-0.0058149,627.78,393.2,31.81,7.7151,-0.0026712
100,-0.002546,0.021501,-0.016105,653.97,409.52,31.779,7.715,0.051097
104,-0.0025395,0.018747,-0.0022602,680.16,425.83,31.725,7.715,-0.019979
108,-0.0026112,0.02037,-0.010577,706.37,442.12,31.709,7.7149,0.0341
112,-0.0025878,0.020162,-0.0088695,732.59,458.4,31.673,7.7149,0.03045
116,-0.0025391,0.018588,-0.0033554,758.82,474.66,31.641,7.715,0.0010646
120,-0.0025329,0.018729,-0.0058588,785.05,490.91,31.622,7.715,0.013179
124,-0.0025382,0.018974,-0.0059917,811.29,507.15,31.589,7.715,-0.0015983
128,-0.002606,0.021566,-0.013182,837.54,523.38,31.551,7.7149,0.021066
132,-0.002589,0.019877,-0.0077904,863.8,539.59,31.521,7.7149,0.040997
136,-0.0025604,0.019154,-0.0060918,890.07,555.78,31.494,7.715,0.026761
140,-0.0025455,0.015371,0.0048969,916.35,571.96,31.473,7.715,-0.028853
144,-0.0026479,0.015265,-5.6233e-05,942.64,588.13,31.476,7.7149,-0.010764
148,-0.002632,0.013892,0.0012772,968.93,604.29,31.472,7.7149,-0.0064256
152,-0.0027044,0.01269,-0.0020557,995.22,620.45,31.495,7.7148,0.065085
156,-0.0028762,0.01808,-0.013176,1021.5,636.61,31.445,7.7146,0.0052217
160,-0.0028185,0.014705,-0.0022245,1047.8,652.76,31.428,7.7147,0.034624
164,-0.0029584,0.017258,-0.012065,1074.1,668.9,31.417,7.7146,0.072738
168,-0.0029345,0.013485,0.0026837,1100.4,685.03,31.388,7.7146,0.002467
172,-0.0028808,0.012656,0.00082269,1126.7,701.15,31.395,7.7146,0.015276
176,-0.0029519,0.013957,-0.006917,1153.0,717.27,31.4,7.7146,0.06288
180,-0.0029099,0.01206,0.001891,1179.4,733.39,31.376,7.7146,-0.0047517
184,-0.0028769,0.011914,-0.00032305,1205.7,749.49,31.379,7.7146,0.01165
188,-0.0028052,0.0097184,0.0028525,1232.0,765.6,31.392,7.7147,0.031466
192,-0.0027925,0.0047265,0.01559,1258.3,781.71,31.41,7.7147,-0.070737
196,-0.0053619,-0.039625,0.11835,1284.7,797.78,31.67,7.7122,-0.14683
200,-0.011463,-0.11054,0.23935,1311.0,813.87,32.383,7.7068,-0.2037
204,-0.018236,-0.18457,0.31806,1337.1,830.11,33.527,7.7015,-0.12524
208,-0.024997,-0.24617,0.35224,1363.1,846.7,34.882,7.6964,-0.095101
212,-0.031302,-0.27896,0.32254,1388.7,863.73,36.246,7.6913,-0.012284
216,-0.037548,-0.27966,0.25075,1414.0,881.25,37.391,7.685,0.043062
220,-0.042471,-0.26715,0.19658,1438.9,899.23,38.261,7.6797,0.010289
224,-0.046047,-0.25061,0.16049,1463.5,917.58,38.962,7.6755,0.014555
228,-0.048273,-0.24231,0.16067,1487.9,936.25,39.59,7.6731,-0.02063
232,-0.050377,-0.24417,0.18141,1512.1,955.19,40.265,7.671,-0.047334
236,-0.053551,-0.26178,0.22618,1536.0,974.4,41.09,7.6684,-0.047759
240,-0.057412,-0.27985,0.25312,1559.6,993.92,42.044,7.6652,-0.06692
244,-0.061913,-0.29468,0.26058,1583.0,1013.8,43.088,7.6613,-0.010921
248,-0.066292,-0.29638,0.23919,1606.0,1034.0,44.092,7.6569,0.015505
252,-0.07014,-0.28993,0.21297,1628.6,1054.7,44.995,7.6529,0.02421
256,-0.073525,-0.27058,0.1701,1650.9,1075.7,45.748,7.6488,0.025441
260,-0.075395,-0.25584,0.15472,1672.8,1096.9,46.404,7.6464,0.047368
264,-0.076775,-0.23537,0.12847,1694.5,1118.5,46.973,7.6443,0.06057
268,-0.077151,-0.22621,0.13708,1715.9,1140.3,47.511,7.6437,0.040015
272,-0.077294,-0.21896,0.14189,1737.1,1162.4,48.065,7.6433,0.0076904
276,-0.077401,-0.21292,0.14153,1758.1,1184.6,48.64,7.6431,0.027528
280,-0.077364,-0.20879,0.14377,1778.8,1207.1,49.214,7.643,0.021544
284,-0.077367,-0.19642,0.12301,1799.3,1229.8,49.744,7.6427,0.028307
288,-0.076996,-0.18644,0.11299,1819.5,1252.7,50.234,7.6428,0.070603
292,-0.076359,-0.17035,0.095005,1839.5,1275.8,50.626,7.643,0.0012591
296,-0.075609,-0.15042,0.067136,1859.3,1299.1,50.96,7.6434,0.067484
300,-0.07402,-0.13421,0.05887,1879.0,1322.5,51.209,7.6447,0.043615
304,-0.072623,-0.11304,0.038689,1898.5,1346.1,51.381,7.6457,0.0012372
308,-0.070405,-0.10441,0.048595,1917.9,1369.8,51.565,7.6478,0.029596
312,-0.068488,-0.090005,0.034171,1937.2,1393.5,51.735,7.6495,0.052685
316,-0.066248,-0.080415,0.035837,1956.3,1417.3,51.868,7.6517,0.018147
320,-0.064139,-0.070365,0.028614,1975.5,1441.3,52.006,7.6537,0.050782
324,-0.061955,-0.06196,0.026405,1994.5,1465.2,52.118,7.6558,0.040141
328,-0.060206,-0.046017,0.0020227,2013.4,1489.3,52.184,7.6574,0.076622
332,-0.05813,-0.033074,-0.0032377,2032.4,1513.4,52.165,7.6594,0.016628
336,-0.056153,-0.020263,-0.011904,2051.2,1537.5,52.128,7.6614,0.018054
340,-0.054198,-0.0088898,-0.020253,2070.1,1561.7,52.078,7.6633,0.066896
344,-0.052094,-0.0031913,-0.011247,2089.0,1585.8,52.005,7.6654,0.01063
348,-0.050399,0.0086205,-0.027644,2107.9,1610.0,51.929,7.6671,0.044496
352,-0.048476,0.014343,-0.023664,2126.8,1634.2,51.828,7.669,0.033809
356,-0.046723,0.019822,-0.022024,2145.7,1658.3,51.72,7.6708,-0.0088228
360,-0.04509,0.026203,-0.029674,2164.7,1682.4,51.626,7.6725,0.042656
364,-0.043466,0.031223,-0.029418,2183.6,1706.5,51.498,7.6741,0.0096061
368,-0.041888,0.034929,-0.030195,2202.7,1730.6,51.382,7.6757,0.028104
372,-0.040413,0.038976,-0.031875,2221.7,1754.7,51.251,7.6772,0.015043
376,-0.039149,0.045474,-0.042828,2240.9,1778.7,51.114,7.6785,0.060467
380,-0.03785,0.049503,-0.041552,2260.0,1802.7,50.942,7.6798,0.030639
384,-0.036568,0.050885,-0.038048,2279.3,1826.7,50.792,7.6811,0.043668
388,-0.035424,0.055077,-0.043456,2298.6,1850.6,50.63,7.6823,0.039736
392,-0.034371,0.049375,-0.025518,2317.9,1874.5,50.514,7.6833,0.06392
396,-0.033297,0.051271,-0.030263,2337.3,1898.3,50.384,7.6844,0.0011743
400,-0.032357,0.05415,-0.035822,2356.8,1922.1,50.239,7.6853,-0.0075588
404,-0.031311,0.053986,-0.032682,2376.3,1945.8,50.097,7.6864,-0.00029631
408,-0.030264,0.053423,-0.031631,2395.9,1969.5,49.972,7.6874,0.021588
412,-0.029348,0.053053,-0.028672,2415.6,1993.2,49.834,7.6883,-0.019942
416,-0.02852,0.054977,-0.037919,2435.3,2016.8,49.719,7.6892,0.057602
420,-0.027586,0.048815,-0.018478,2455.0,2040.4,49.598,7.6901,-0.0037108
424,-0.026877,0.051381,-0.030028,2474.8,2063.9,49.489,7.6908,-0.0023961
428,-0.025983,0.046509,-0.020901,2494.7,2087.4,49.407,7.6917,0.046051
432,-0.025092,0.04466,-0.019212,2514.6,2110.9,49.318,7.6925,0.0068746
436,-0.024226,0.043509,-0.021215,2534.5,2134.3,49.241,7.6934,0.026364
440,-0.02333,0.038338,-0.010785,2554.5,2157.7,49.177,7.6943,0.0097976
444,-0.022647,0.040624,-0.022457,2574.5,2181.1,49.104,7.695,0.013936
448,-0.021815,0.03567,-0.011469,2594.6,2204.5,49.044,7.6958,0.023947
452,-0.02105,0.033646,-0.010018,2614.6,2227.8,48.989,7.6965,-0.0071877
456,-0.020299,0.031863,-0.011927,2634.7,2251.1,48.955,7.6973,0.031651
460,-0.019534,0.028509,-0.0066606,2654.9,2274.4,48.918,7.698,0.018027
464,-0.01883,0.027109,-0.0070979,2675.0,2297.7,48.883,7.6987,0.0024045
468,-0.018136,0.025504,-0.0076107,2695.2,2321.0,48.858,7.6994,0.02293
472,-0.01744,0.02168,0.00015568,2715.4,2344.2,48.834,7.7001,-0.0066175
476,-0.016787,0.018503,0.00037268,2735.6,2367.5,48.847,7.7007,0.03376
480,-0.016192,0.018027,-0.0037082,2755.8,2390.7,48.844,7.7013,0.035599
484,-0.01557,0.015123,0.0015496,2776.1,2413.9,48.841,7.7019,0.020439
488,-0.015098,0.01493,0.00064991,2796.3,2437.2,48.826,7.7024,-0.021775
492,-0.014591,0.012987,0.0032304,2816.5,2460.4,48.826,7.7029,-0.014077
496,-0.014062,0.011029,0.0045101,2836.8,2483.6,48.839,7.7034,-0.001366
500,-0.013539,0.0055344,0.015878,2857.0,2506.9,48.867,7.704,-0.02865
504,-0.0132,0.0070443,0.0029542,2877.3,2530.1,48.908,7.7043,0.019897
508,-0.012686,0.0031585,0.012986,2897.5,2553.3,48.93,7.7048,-0.014475
512,-0.012397,0.0061944,-0.0017236,2917.7,2576.6,48.963,7.7051,0.045589
516,-0.011999,0.0074577,-0.0029706,2938.0,2599.9,48.959,7.7055,0.040908
520,-0.011572,0.0038843,0.0077095,2958.2,2623.1,48.975,7.7059,0.030699
524,-0.011126,0.0015657,0.011352,2978.4,2646.4,49.009,7.7064,0.00961
528,-0.010786,0.0029334,0.0038165,2998.6,2669.7,49.042,7.7067,0.02666
532,-0.010367,-0.002776,0.01969,3018.8,2693.0,49.079,7.7071,-0.017128
536,-0.010285,0.0023224,-0.00063907,3039.0,2716.3,49.12,7.7072,0.03184
540,-0.0098864,-0.0013656,0.011949,3059.2,2739.6,49.144,7.7076,0.014224
544,-0.0096084,0.00063053,0.0038265,3079.3,2762.9,49.178,7.7079,0.029745
548,-0.0092341,-0.0020051,0.012084,3099.5,2786.2,49.208,7.7083,0.010545
552,-0.0090646,-0.00071025,0.0036186,3119.6,2809.6,49.259,7.7084,0.066355
556,-0.0088151,-0.00074249,0.0087953,3139.7,2832.9,49.262,7.7087,-0.015724
560,-0.0085679,0.0001799,0.0044346,3159.9,2856.3,49.296,7.7089,0.027633
564,-0.0083856,-0.0019679,0.0084159,3180.0,2879.7,49.342,7.7091,0.062257
568,-0.0082509,3.9824e-05,0.006613,3200.1,2903.1,49.346,7.7092,-0.020874
572,-0.0080045,0.00018596,0.0053391,3220.1,2926.5,49.377,7.7095,0.021473
576,-0.0077243,-0.00068507,0.0076546,3240.2,2949.9,49.407,7.7098,0.026893
580,-0.007517,0.0010702,0.002417,3260.3,2973.3,49.431,7.71,0.035467
584,-0.0073691,-0.001012,0.0074428,3280.3,2996.7,49.469,7.7101,0.059138
588,-0.0072254,0.0023487,0.00056661,3300.4,3020.2,49.473,7.7103,0.014886
592,-0.0069754,-0.00046376,0.0089662,3320.4,3043.6,49.503,7.7105,0.032713
596,-0.006922,0.0023953,0.0034283,3340.4,3067.1,49.506,7.7106,-0.017894
600,-0.0066691,-6.9981e-05,0.010147,3360.4,3090.6,49.536,7.7108,0.0052539
604,-0.0065746,0.0031868,0.00020026,3380.4,3114.0,49.554,7.7109,0.01742
608,-0.0063889,0.0049149,-0.0013556,3400.4,3137.5,49.551,7.7111,0.021111
612,-0.0061577,0.0030066,0.0056016,3420.4,3161.0,49.565,7.7113,0.024274
616,-0.0061135,0.0032085,0.0076622,3440.4,3184.5,49.566,7.7114,-0.036938
620,-0.0060978,0.0060311,-0.003233,3460.4,3208.0,49.588,7.7114,0.038131
624,-0.0059103,0.003975,0.0045641,3480.4,3231.5,49.598,7.7116,0.033059
628,-0.0056909,0.0010057,0.011507,3500.4,3255.0,49.629,7.7118,0.013351
632,-0.0056971,0.0053042,-0.0017356,3520.3,3278.5,49.64,7.7118,0.011888
636,-0.0056033,0.0077341,-0.0063318,3540.3,3302.0,49.635,7.7119,0.048373
640,-0.0054258,0.0062549,0.0021862,3560.3,3325.5,49.627,7.7121,0.021426
644,-0.0052733,0.0068208,0.0010944,3580.2,3349.1,49.631,7.7122,0.014943
648,-0.0052271,0.010036,-0.0053046,3600.2,3372.6,49.614,7.7123,0.0059694
652,-0.0050193,0.0060942,0.007916,3620.1,3396.1,49.616,7.7125,-0.0046068
656,-0.0049302,0.0067245,0.0030196,3640.1,3419.6,49.635,7.7126,0.0079226
660,-0.0047883,0.0062635,0.0038638,3660.1,3443.2,49.644,7.7127,0.0052853
664,-0.0047049,0.0060701,0.0011929,3680.0,3466.7,49.669,7.7128,0.048933
668,-0.0046916,0.0077686,0.00065266,3700.0,3490.2,49.65,7.7128,-0.018615
672,-0.0046196,0.0070826,4.3921e-05,3719.9,3513.7,49.671,7.7129,0.048557
676,-0.0045342,0.0077586,0.0013537,3739.9,3537.3,49.658,7.713,-0.0051004
680,-0.0045164,0.010861,-0.0069943,3759.8,3560.8,49.651,7.713,0.027396
684,-0.0045109,0.011787,-0.0079007,3779.8,3584.4,49.639,7.713,0.063814
688,-0.0044881,0.010843,-0.002816,3799.7,3607.9,49.626,7.713,0.050847
692,-0.0044414,0.0086808,0.00685,3819.7,3631.4,49.61,7.7131,-0.033445
696,-0.0044464,0.010073,-0.0024016,3839.6,3655.0,49.63,7.7131,0.034391
700,-0.0043871,0.0078872,0.0071069,3859.6,3678.5,49.617,7.7131,-0.033647
704,-0.0043799,0.0074391,0.0012632,3879.5,3702.0,49.656,7.7131,0.052731
708,-0.0043132,0.0066136,0.005984,3899.5,3725.5,49.649,7.7132,-0.018771
712,-0.0043818,0.010285,-0.0057683,3919.4,3749.1,49.649,7.7131,0.016806
716,-0.0042313,0.0090749,0.00065805,3939.4,3772.6,49.638,7.7133,0.010126
720,-0.0041944,0.010417,-0.0047649,3959.3,3796.1,49.643,7.7133,0.049557
724,-0.0042045,0.0090171,-0.00088244,3979.3,3819.7,49.647,7.7133,0.061612
728,-0.0042014,0.012123,-0.0059018,3999.2,3843.2,49.618,7.7133,0.0061667
732,-0.004039,0.0076238,0.0082997,4019.2,3866.7,49.619,7.7135,-0.009039
736,-0.0044249,0.013036,-0.0067402,4039.2,3890.3,49.598,7.7131,-0.039027
740,-0.004333,0.010266,6.2683e-05,4059.1,3913.8,49.606,7.7132,0.036793
744,-0.004431,0.012923,-0.0036116,4079.1,3937.3,49.572,7.7131,-0.028307
748,-0.0043504,0.012819,-0.0037447,4099.0,3960.8,49.565,7.7132,0.01991
752,-0.0042038,0.0082753,0.0071856,4119.0,3984.4,49.58,7.7133,0.02459
756,-0.004113,0.0072622,0.0069784,4139.0,4007.9,49.596,7.7134,-0.0069869
760,-0.0039742,0.0043162,0.0096846,4159.0,4031.4,49.636,7.7135,0.020058
764,-0.0043229,0.0095516,-0.0032657,4178.9,4054.9,49.617,7.7132,-0.043385
768,-0.0043636,0.011555,-0.0090006,4198.9,4078.4,49.614,7.7131,0.050147
772,-0.0043104,0.012876,-0.0051422,4218.9,4102.0,49.568,7.7132,-0.010431
776,-0.0042032,0.012121,-0.0013206,4238.8,4125.5,49.553,7.7133,0.00064605
780,-0.0040788,0.010507,0.00104,4258.8,4149.0,49.561,7.7134,0.02794
784,-0.0039418,0.0033662,0.016944,4278.8,4172.5,49.6,7.7136,0.01098
788,-0.0042396,0.0079257,0.00056384,4298.8,4196.0,49.609,7.7133,-0.026489
792,-0.0041626,0.0053795,0.0043568,4318.7,4219.5,49.64,7.7133,0.044079
796,-0.0041641,0.0075246,-0.0032509,4338.7,4243.1,49.651,7.7133,0.054877
800,-0.0041727,0.0076655,-0.0024063,4358.7,4266.6,49.653,7.7133,0.059495
804,-0.0040764,0.0073866,0.001263,4378.6,4290.1,49.645,7.7134,0.018302
808,-0.004194,0.0098901,-0.0016385,4398.6,4313.7,49.619,7.7133,-0.032826
812,-0.0041733,0.009,0.0022891,4418.5,4337.2,49.614,7.7133,-0.018719
816,-0.0041152,0.0095643,-0.0016783,4438.5,4360.7,49.624,7.7134,0.028741
820,-0.004014,0.005019,0.0090191,4458.4,4384.2,49.649,7.7135,0.034586
824,-0.0040159,0.0082041,-0.0024048,4478.4,4407.8,49.659,7.7135,0.027651
828,-0.00395,0.0058053,0.0036803,4498.3,4431.3,49.675,7.7136,0.046726
832,-0.0039279,0.0082471,-0.0034326,4518.3,4454.8,49.677,7.7136,0.039359
836,-0.0038473,0.0051428,0.0056976,4538.2,4478.4,49.691,7.7137,0.037151
840,-0.0040119,0.010737,-0.0073767,4558.2,4501.9,49.668,7.7135,-0.0039625
844,-0.0040294,0.01009,-0.0050426,4578.1,4525.5,49.669,7.7135,0.065724
848,-0.0039936,0.0081444,0.0019554,4598.1,4549.0,49.667,7.7135,0.040439
852,-0.0039468,0.009657,-0.0010216,4618.0,4572.6,49.657,7.7136,0.0034683
856,-0.0037961,0.0064543,0.0069362,4637.9,4596.1,49.672,7.7137,0.011923
860,-0.0037782,0.0085422,-0.0020874,4657.9,4619.6,49.686,7.7137,0.034248
864,-0.0041041,0.011865,-0.012967,4677.8,4643.2,49.688,7.7134,0.11693
868,-0.0052567,0.033546,-0.055697,4697.7,4666.8,49.522,7.7123,0.042391
872,-0.0082823,0.071474,-0.12552,4717.7,4690.3,49.169,7.7095,0.12847
876,-0.010292,0.10479,-0.15432,4737.7,4713.8,48.605,7.7079,0.10349
880,-0.01262,0.13451,-0.16778,4757.8,4737.1,47.932,7.7061,0.023846
884,-0.01438,0.15215,-0.16308,4778.2,4760.2,47.289,7.7046,0.081334
888,-0.01589,0.15453,-0.13005,4798.7,4783.2,46.705,7.7032,0.031985
892,-0.016943,0.14807,-0.098125,4819.5,4805.9,46.251,7.702,0.0064493
896,-0.0176,0.14184,-0.085467,4840.5,4828.5,45.892,7.7012,0.023773
900,-0.01808,0.1349,-0.074761,4861.6,4851.0,45.566,7.7006,0.0019755
904,-0.018854,0.13813,-0.096596,4882.8,4873.3,45.246,7.6999,0.088524
908,-0.019732,0.14336,-0.10637,4904.2,4895.5,44.831,7.6991,0.040891
912,-0.02085,0.15177,-0.12059,4925.7,4917.5,44.372,7.6981,0.039687
916,-0.022052,0.15964,-0.12891,4947.3,4939.4,43.873,7.6971,0.048254
920,-0.023099,0.16077,-0.11782,4969.2,4961.1,43.373,7.6961,0.013905
924,-0.02396,0.15498,-0.096398,4991.2,4982.6,42.93,7.6951,-0.028769
928,-0.024361,0.14356,-0.076062,5013.4,5003.9,42.599,7.6945,0.014249
932,-0.024561,0.13813,-0.076933,5035.7,5025.1,42.294,7.6942,0.022161
936,-0.024615,0.12924,-0.066234,5058.2,5046.1,42.01,7.694,0.016321
940,-0.024663,0.12605,-0.071119,5080.7,5067.1,41.728,7.6939,0.0080034
944,-0.024669,0.12309,-0.074641,5103.4,5087.9,41.451,7.6938,0.051865
948,-0.024585,0.11616,-0.062715,5126.2,5108.5,41.176,7.6938,0.019931
952,-0.024344,0.11045,-0.058715,5149.1,5129.1,40.935,7.6939,0.021866
956,-0.024012,0.10295,-0.049347,5172.1,5149.5,40.715,7.6942,0.0027439
960,-0.023719,0.098115,-0.047776,5195.2,5169.9,40.507,7.6944,-0.019497
964,-0.023233,0.089439,-0.03749,5218.4,5190.1,40.338,7.6948,-0.0019499
968,-0.022705,0.083342,-0.035453,5241.7,5210.3,40.188,7.6952,-0.0012418
972,-0.022082,0.071746,-0.019508,5265.0,5230.3,40.083,7.6958,0.0049839
976,-0.021429,0.066491,-0.023327,5288.4,5250.4,39.996,7.6964,0.011199
980,-0.02075,0.060423,-0.020389,5311.9,5270.3,39.909,7.697,0.012289
984,-0.020077,0.054932,-0.018838,5335.3,5290.2,39.838,7.6976,0.029328
988,-0.019444,0.050046,-0.014341,5358.9,5310.1,39.757,7.6982,-0.014516
992,-0.018765,0.044441,-0.011889,5382.4,5329.9,39.715,7.6989,0.025073
996,-0.018074,0.037271,-0.002295,5406.0,5349.7,39.68,7.6995,-0.0057919
1000,-0.017405,0.031351,-0.0012836,5429.6,5369.5,39.685,7.7002,0.034177
1004,-0.016778,0.023243,0.0077641,5453.3,5389.2,39.707,7.7008,0.031518
1008,-0.016121,0.017655,0.0093232,5476.9,5409.0,39.744,7.7014,0.023753
1012,-0.01557,0.01519,0.0073947,5500.5,5428.8,39.761,7.7019,-0.01711
1016,-0.015063,0.013673,0.0010269,5524.2,5448.5,39.795,7.7024,0.049523
1020,-0.014486,0.0075637,0.013893,5547.8,5468.3,39.82,7.703,0.0042234
1024,-0.013997,0.0074239,0.0061029,5571.5,5488.0,39.858,7.7035,0.014426
1028,-0.013439,0.0030882,0.014612,5595.1,5507.8,39.892,7.7041,-0.0094584
1032,-0.012994,0.00033433,0.012259,5618.7,5527.6,39.964,7.7045,0.048397
1036,-0.012512,-0.0044658,0.02217,5642.3,5547.4,40.018,7.705,-0.015633
1040,-0.012182,-0.0053732,0.013542,5666.0,5567.2,40.109,7.7053,0.057551
1044,-0.011801,-0.0093888,0.020672,5689.5,5587.0,40.183,7.7057,0.036029
1048,-0.01143,-0.01201,0.025002,5713.1,5606.9,40.254,7.7061,-0.026107
1052,-0.01113,-0.013345,0.022955,5736.6,5626.8,40.342,7.7064,-0.014698
1056,-0.010899,-0.010362,0.010204,5760.1,5646.8,40.416,7.7066,0.034512
1060,-0.010602,-0.0088574,0.0075535,5783.6,5666.7,40.463,7.7069,0.051757
1064,-0.010229,-0.012462,0.020252,5807.1,5686.7,40.517,7.7073,0.01377
1068,-0.0099615,-0.011499,0.016497,5830.6,5706.7,40.577,7.7075,-0.0082794
1072,-0.0097359,-0.01141,0.012473,5854.0,5726.7,40.656,7.7078,0.058201
1076,-0.0094326,-0.011164,0.013821,5877.4,5746.8,40.706,7.7081,0.024005
1080,-0.0090871,-0.014892,0.023137,5900.8,5766.9,40.783,7.7084,0.017629
1084,-0.008907,-0.011663,0.011909,5924.2,5787.0,40.849,7.7086,0.019045
1088,-0.0085887,-0.012533,0.016155,5947.5,5807.1,40.905,7.7089,0.014054
1092,-0.008342,-0.011144,0.012312,5970.9,5827.3,40.962,7.7092,0.022043
1096,-0.0081091,-0.010524,0.011073,5994.2,5847.5,41.018,7.7094,0.041713
1100,-0.0079201,-0.0072731,0.0049398,6017.4,5867.7,41.052,7.7096,0.036072
1104,-0.0077109,-0.0059391,0.0050368,6040.7,5888.0,41.08,7.7098,0.045031
1108,-0.007432,-0.008219,0.015461,6064.0,5908.2,41.114,7.7101,0.0024814
1112,-0.0072725,-0.0059005,0.0075639,6087.2,5928.5,41.162,7.7102,0.024679
1116,-0.0070803,-0.0037413,0.0054128,6110.4,5948.8,41.181,7.7104,0.0073703
1120,-0.0069294,-0.00064653,0.00097092,6133.7,5969.1,41.189,7.7106,0.010389
1124,-0.006693,-0.0029652,0.0092343,6156.9,5989.4,41.221,7.7108,0.033024
1128,-0.0065057,-0.0017639,0.006688,6180.1,6009.7,41.247,7.711,0.013772
1132,-0.0064623,-0.0039875,0.0094488,6203.3,6030.0,41.306,7.711,0.073338
1136,-0.006427,0.0012678,-0.0018663,6226.4,6050.4,41.308,7.7111,0.021881
1140,-0.0061875,-0.00062521,0.0072946,6249.6,6070.8,41.323,7.7113,0.020246
1144,-0.0062683,0.0060829,-0.0076862,6272.8,6091.1,41.308,7.7112,0.0068023
1148,-0.0060127,0.0024646,0.0076081,6295.9,6111.5,41.31,7.7115,0.0042416
1152,-0.0059664,0.0063477,-0.0035307,6319.1,6131.9,41.316,7.7115,0.020488
1156,-0.005797,0.0077355,-0.0035974,6342.2,6152.3,41.304,7.7117,0.026067
1160,-0.0056612,0.0099054,-0.0051005,6365.4,6172.7,41.28,7.7118,0.011145
1164,-0.0054759,0.0096618,-0.001843,6388.5,6193.0,41.269,7.712,0.020017
1168,-0.0053286,0.0086698,0.0033234,6411.7,6213.4,41.259,7.7122,-0.014016
1172,-0.0052972,0.0093145,-0.0031082,6434.9,6233.8,41.281,7.7122,0.060996
1176,-0.0051688,0.0065786,0.0053494,6458.0,6254.2,41.288,7.7123,0.029586
1180,-0.0051416,0.0091466,-0.0012563,6481.2,6274.5,41.28,7.7124,-0.0045841
1184,-0.0052097,0.01459,-0.015561,6504.3,6294.9,41.259,7.7123,0.054504
1188,-0.0053125,0.0086414,0.004292,6527.5,6315.3,41.256,7.7122,0.068664
1192,-0.0052306,0.010057,-0.0011662,6550.7,6335.7,41.256,7.7123,0.029881
1196,-0.0051924,0.011924,-0.0030095,6573.8,6356.0,41.23,7.7123,-0.014639
1200,-0.0052623,0.015748,-0.0147,6597.0,6376.4,41.216,7.7123,0.068235
1204,-0.0051764,0.0089914,0.010493,6620.2,6396.8,41.193,7.7123,-0.018977
1208,-0.005559,0.01578,-0.011414,6643.4,6417.1,41.178,7.712,-0.010594
1212,-0.0054653,0.014832,-0.0075915,6666.5,6437.5,41.162,7.712,0.054374
1216,-0.005303,0.013372,-0.00084212,6689.7,6457.8,41.139,7.7122,0.010923
1220,-0.0051601,0.012366,-0.0011541,6712.9,6478.2,41.145,7.7123,0.038039
1224,-0.0050666,0.014071,-0.0063988,6736.1,6498.5,41.131,7.7124,0.034991
1228,-0.0048972,0.012128,0.001226,6759.3,6518.8,41.114,7.7126,0.0017546
1232,-0.0050024,0.016334,-0.0095386,6782.5,6539.1,41.083,7.7125,-0.0061152
1236,-0.0048525,0.015581,-0.0053426,6805.8,6559.5,41.058,7.7127,0.016517
1240,-0.0046819,0.013199,0.0015104,6829.0,6579.8,41.046,7.7128,0.0030998
1244,-0.004685,0.01462,-0.0031167,6852.2,6600.1,41.029,7.7128,-0.011659
1248,-0.0046097,0.015321,-0.0067972,6875.5,6620.4,41.02,7.7129,0.035646
1252,-0.0044987,0.011372,0.0032088,6898.7,6640.6,41.023,7.713,0.035672
1256,-0.0045194,0.015462,-0.010212,6921.9,6660.9,41.009,7.713,0.039954
1260,-0.0044514,0.009109,0.0077821,6945.2,6681.2,41.015,7.7131,0.032035
1264,-0.0045437,0.012607,-0.0033536,6968.4,6701.5,41.004,7.713,-0.0094317
1268,-0.0046225,0.016643,-0.015238,6991.7,6721.8,40.985,7.7129,0.063178
1272,-0.0045209,0.011773,0.0042123,7015.0,6742.0,40.956,7.713,0.001472
1276,-0.0046749,0.01722,-0.012132,7038.2,6762.3,40.932,7.7128,0.010706
1280,-0.0045751,0.013144,-0.00017162,7061.5,6782.6,40.924,7.7129,0.042413
1284,-0.0044329,0.011192,0.0037202,7084.8,6802.8,40.925,7.7131,0.0079556
1288,-0.0042852,0.0091108,0.0051689,7108.1,6823.1,40.944,7.7132,0.016792
1292,-0.0041734,0.0086313,0.0033894,7131.3,6843.3,40.958,7.7133,0.011872
1296,-0.0042354,0.0093037,0.0027794,7154.6,6863.6,40.947,7.7133,-0.034066
1300,-0.0044167,0.014202,-0.011279,7177.9,6883.8,40.931,7.7131,0.014423
1304,-0.0045443,0.0083381,0.0040086,7201.2,6904.1,40.949,7.713,0.081998
1308,-0.0045023,0.006923,0.0054388,7224.4,6924.3,40.965,7.713,0.03575
1312,-0.0043743,0.0060084,0.0062316,7247.7,6944.6,40.981,7.7131,0.0053214
1316,-0.0042933,0.0064177,0.0014558,7271.0,6964.8,41.004,7.7132,0.037153
1320,-0.004344,0.011176,-0.010991,7294.3,6985.1,40.993,7.7132,0.055285
1324,-0.0042514,0.012183,-0.00681,7317.5,7005.3,40.954,7.7133,0.023134
1328,-0.0042225,0.014779,-0.0086903,7340.8,7025.6,40.912,7.7133,-0.00014943
1332,-0.004152,0.015999,-0.0098058,7364.1,7045.8,40.884,7.7134,0.034237
1336,-0.0041863,0.0098192,0.0059104,7387.4,7066.1,40.897,7.7133,0.056405
1340,-0.004146,0.0066458,0.012838,7410.7,7086.3,40.909,7.7134,-0.031549
1344,-0.0041111,0.0058218,0.0074598,7434.0,7106.5,40.951,7.7134,0.006868
1348,-0.0064998,-0.025033,0.090325,7457.2,7126.8,41.072,7.711,-0.25291
1352,-0.038232,-0.15532,0.37667,7480.6,7146.9,41.956,7.6808,-0.59792
1356,-0.10277,-0.34555,0.67853,7503.6,7167.0,44.099,7.6226,-0.6186
1360,-0.16956,-0.52982,0.86909,7526.1,7187.4,47.237,7.5665,-0.5317
1364,-0.22302,-0.65736,0.89598,7547.6,7208.6,50.828,7.5232,-0.28463
1368,-0.26294,-0.70192,0.77064,7568.0,7230.6,54.195,7.4875,-0.077788
1372,-0.29532,-0.68482,0.59081,7587.1,7253.6,56.939,7.4537,0.10906
1376,-0.31823,-0.63737,0.44276,7605.0,7277.3,58.946,7.4267,-0.017338
1380,-0.33216,-0.60072,0.38226,7622.1,7301.6,60.587,7.4097,0.0082851
1384,-0.34425,-0.5974,0.42869,7638.3,7326.4,62.172,7.3974,-0.18003
1388,-0.36221,-0.62184,0.51276,7653.8,7351.6,64.052,7.3815,-0.24343
1392,-0.38706,-0.65975,0.5927,7668.5,7377.1,66.269,7.3601,-0.27433
1396,-0.41309,-0.68698,0.61589,7682.2,7403.1,68.708,7.3366,-0.18981
1400,-0.43676,-0.69432,0.589,7694.8,7429.6,71.135,7.3138,-0.10231
1404,-0.4565,-0.68349,0.53666,7706.3,7456.5,73.388,7.2931,-0.062598
1408,-0.4721,-0.66002,0.47614,7716.7,7483.7,75.42,7.2754,-0.002524
1412,-0.48339,-0.63669,0.44223,7726.0,7511.2,77.238,7.2621,-0.06589
1416,-0.49219,-0.61581,0.41998,7734.4,7539.0,78.969,7.2515,-0.026837
1420,-0.49925,-0.60268,0.42172,7741.9,7567.0,80.646,7.2434,-0.074859
1424,-0.50594,-0.59458,0.4271,7748.6,7595.2,82.355,7.236,-0.054187
1428,-0.51145,-0.58388,0.42006,7754.3,7623.5,84.046,7.2297,-0.069195
1432,-0.51552,-0.5685,0.40004,7759.2,7652.0,85.679,7.2244,-0.061046
1436,-0.51791,-0.54766,0.36821,7763.2,7680.6,87.225,7.2204,0.0093301
1440,-0.51791,-0.52254,0.33613,7766.4,7709.3,88.622,7.2185,-0.012773
1444,-0.51603,-0.49487,0.3021,7768.8,7738.1,89.905,7.2185,0.044247
1448,-0.51188,-0.46777,0.27818,7770.4,7766.9,91.057,7.2208,0.015935
1452,-0.50679,-0.43568,0.23931,7771.5,7795.8,92.115,7.2239,0.11832
1456,-0.49907,-0.40975,0.22899,7771.8,7824.7,93.034,7.2301,0.016528
1460,-0.49112,-0.37496,0.18783,7771.7,7853.6,93.871,7.2361,0.076529
1464,-0.48105,-0.34749,0.1734,7771.0,7882.6,94.604,7.2448,0.087956
1468,-0.4703,-0.31704,0.14895,7769.8,7911.6,95.247,7.2541,0.074699
1472,-0.45888,-0.28643,0.12357,7768.2,7940.5,95.803,7.2643,0.11146
1476,-0.44697,-0.25059,0.089494,7766.2,7969.6,96.216,7.2748,0.069524
1480,-0.43432,-0.21494,0.058937,7763.9,7998.6,96.514,7.2864,0.096375
1484,-0.42099,-0.18034,0.034328,7761.3,8027.6,96.699,7.2987,0.091273
1488,-0.4075,-0.14588,0.0091348,7758.6,8056.7,96.79,7.3115,0.1093
1492,-0.39384,-0.11208,-0.012397,7755.6,8085.9,96.775,7.3245,0.075352
1496,-0.3805,-0.077708,-0.038505,7752.6,8115.0,96.677,7.3374,0.10422
1500,-0.36701,-0.046769,-0.052971,7749.4,8144.2,96.481,7.3506,0.058783
1504,-0.3539,-0.018214,-0.06871,7746.3,8173.5,96.247,7.3636,0.10065
1508,-0.34135,0.010321,-0.084431,7743.2,8202.8,95.928,7.3762,0.055029
1512,-0.32906,0.034443,-0.093882,7740.1,8232.2,95.574,7.3885,0.073937
1516,-0.31744,0.057842,-0.10614,7737.2,8261.6,95.175,7.4003,0.078393
1520,-0.30665,0.081286,-0.11888,7734.3,8291.1,94.707,7.4113,0.030022
1524,-0.29607,0.098918,-0.1225,7731.7,8320.6,94.23,7.4221,0.064101
1528,-0.2859,0.11183,-0.11806,7729.2,8350.2,93.74,7.4324,0.026656
1532,-0.27654,0.12684,-0.12815,7726.9,8379.9,93.244,7.442,0.042018
1536,-0.26741,0.1364,-0.1253,7724.8,8409.6,92.736,7.4513,0.037665
1540,-0.25896,0.14797,-0.13414,7722.9,8439.4,92.22,7.46,0.058371
1544,-0.25082,0.15301,-0.12363,7721.3,8469.2,91.686,7.4682,-0.0092858
1548,-0.24327,0.15982,-0.12717,7719.9,8499.0,91.171,7.4759,-0.009993
1552,-0.23587,0.16443,-0.13076,7718.8,8528.9,90.68,7.4834,0.085505
1556,-0.22871,0.16573,-0.12183,7717.9,8558.9,90.167,7.4906,0.024003
1560,-0.22176,0.16667,-0.11849,7717.3,8588.9,89.68,7.4976,0.012558
1564,-0.21497,0.16593,-0.11549,7716.9,8618.9,89.222,7.5044,0.046234
1568,-0.20833,0.16192,-0.10412,7716.8,8648.9,88.779,7.5109,0.013905
1572,-0.20189,0.16013,-0.10477,7716.9,8678.9,88.366,7.5173,0.086022
1576,-0.20726,0.21643,-0.25799,7717.2,8709.0,87.707,7.5134,0.43509
1580,-0.25645,0.35433,-0.53928,7717.6,8739.0,86.124,7.4695,0.68567
1584,-0.3307,0.51641,-0.77026,7718.5,8768.7,83.475,7.4048,0.69789
1588,-0.41501,0.66589,-0.91642,7720.4,8798.1,80.075,7.3328,0.69813
1592,-0.50816,0.78715,-0.99125,7723.5,8827.1,76.239,7.2522,0.69813
1596,-0.59454,0.8668,-0.99011,7728.0,8855.6,72.252,7.1755,0.56868
1600,-0.66576,0.90364,-0.92993,7734.3,8883.5,68.4,7.1094,0.45235
1604,-0.7257,0.91317,-0.85654,7742.1,8910.7,64.83,7.0512,0.40209
1608,-0.7778,0.91001,-0.79767,7751.4,8937.2,61.536,6.9991,0.41785
1612,-0.8283,0.90777,-0.77092,7762.1,8963.0,58.397,6.9488,0.40679
1616,-0.87812,0.907,-0.76372,7774.1,8988.0,55.343,6.8993,0.5172
1620,-0.92815,0.90688,-0.76107,7787.2,9012.1,52.287,6.8496,0.48025
1624,-0.97792,0.9069,-0.76216,7801.5,9035.4,49.244,6.8003,0.53892
1628,-1.025,0.90359,-0.75396,7816.9,9057.7,46.202,6.7532,0.47449
1632,-1.0671,0.89628,-0.73935,7833.3,9079.0,43.218,6.7105,0.49517
1636,-1.1052,0.88683,-0.72266,7850.7,9099.3,40.291,6.6715,0.45838
1640,-1.1401,0.87713,-0.70956,7869.1,9118.6,37.428,6.6357,0.47484
1644,-1.1708,0.866,-0.69469,7888.2,9136.9,34.625,6.6037,0.48326
1648,-1.1983,0.85457,-0.68088,7908.2,9154.1,31.879,6.575,0.48164
1652,-1.2226,0.84299,-0.66705,7928.9,9170.2,29.178,6.5494,0.41901
1656,-1.2436,0.83122,-0.65443,7950.3,9185.3,26.54,6.527,0.43984
1660,-1.2613,0.81874,-0.64009,7972.3,9199.3,23.954,6.5079,0.42499
1664,-1.2742,0.80236,-0.61541,7994.8,9212.2,21.443,6.4931,0.35188
1668,-1.2851,0.78951,-0.60446,8017.9,9224.1,19.008,6.4807,0.38027
1672,-1.292,0.77272,-0.58082,8041.4,9235.0,16.633,6.4718,0.28873
1676,-1.2954,0.75517,-0.5582,8065.3,9244.8,14.352,6.4663,0.2538
1680,-1.2966,0.7397,-0.54379,8089.6,9253.6,12.149,6.4634,0.26616
1684,-1.2943,0.7194,-0.5146,8114.3,9261.4,10.023,6.4634,0.16492
1688,-1.2887,0.69905,-0.49091,8139.2,9268.2,8.0198,6.4667,0.20798
1692,-1.2804,0.67627,-0.46139,8164.4,9274.1,6.1124,6.4725,0.14017
1696,-1.2693,0.6519,-0.43079,8189.8,9279.1,4.3214,6.4811,0.078966
1700,-1.2554,0.62656,-0.40246,8215.5,9283.2,2.6625,6.4924,0.10878
1704,-1.2394,0.60054,-0.37429,8241.2,9286.5,1.1111,6.5059,0.078996
1708,-1.2212,0.57096,-0.33833,8267.2,9289.0,-0.31716,6.5214,0.0141
1712,-1.2008,0.53791,-0.29796,8293.2,9290.8,-1.5927,6.5389,-0.034145
1716,-1.1782,0.50372,-0.26099,8319.4,9291.9,-2.711,6.5587,-0.04838
1720,-1.1539,0.46688,-0.22072,8345.7,9292.3,-3.6815,6.5801,-0.10158
1724,-1.1279,0.42763,-0.18094,8372.0,9292.3,-4.4777,6.6034,-0.071303
1728,-1.101,0.38383,-0.13261,8398.5,9291.7,-5.1094,6.6276,-0.13781
1732,-1.0723,0.33989,-0.092935,8425.0,9290.6,-5.5552,6.6539,-0.11285
1736,-1.0434,0.2905,-0.042589,8451.7,9289.2,-5.8212,6.6804,-0.13308
1740,-1.0135,0.24044,0.0027004,8478.4,9287.6,-5.9063,6.7084,-0.17998
1744,-0.98332,0.18761,0.048959,8505.2,9285.7,-5.7982,6.7368,-0.16218
1748,-0.9532,0.13324,0.094128,8532.2,9283.6,-5.5069,6.7656,-0.15682
1752,-0.92359,0.077775,0.13976,8559.2,9281.5,-5.05,6.7944,-0.22156
1756,-0.89435,0.023096,0.17817,8586.4,9279.5,-4.4148,6.8232,-0.19461
1760,-0.86668,-0.033561,0.22089,8613.6,9277.6,-3.613,6.8509,-0.17667
1764,-0.83967,-0.085328,0.24977,8641.0,9275.8,-2.6759,6.8784,-0.1782
1768,-0.81456,-0.13608,0.27939,8668.6,9274.3,-1.6152,6.9043,-0.15585
1772,-0.79105,-0.18253,0.30087,8696.2,9273.2,-0.44822,6.9289,-0.12109
1776,-0.76923,-0.22406,0.31759,8724.0,9272.5,0.78267,6.9519,-0.14419
1780,-0.74894,-0.25745,0.31779,8751.8,9272.2,2.0734,6.9733,-0.036648
1784,-0.73014,-0.28718,0.32513,8779.7,9272.4,3.3535,6.9933,-0.091404
1788,-0.71265,-0.31043,0.32252,8807.7,9273.2,4.6563,7.0117,-0.050145
1792,-0.69621,-0.32878,0.31966,8835.8,9274.5,5.9383,7.029,-0.063049
1796,-0.6807,-0.34228,0.31394,8863.9,9276.4,7.2016,7.0451,-0.064432
1800,-0.66631,-0.35539,0.31482,8892.0,9278.8,8.4691,7.0601,-0.028187
1804,-0.65232,-0.36056,0.30189,8920.1,9281.9,9.6979,7.0744,-0.037346
1808,-0.63881,-0.36449,0.29442,8948.2,9285.5,10.896,7.0881,-0.014395
1812,-0.62559,-0.36482,0.28399,8976.2,9289.7,12.054,7.1013,-0.0083167
1816,-0.61243,-0.35998,0.26743,9004.3,9294.5,13.149,7.1142,-0.021856
1820,-0.59931,-0.35747,0.26349,9032.2,9299.8,14.212,7.1272,-0.016012
1824,-0.58633,-0.35044,0.25066,9060.2,9305.7,15.227,7.1398,-0.041201
1828,-0.57342,-0.3391,0.22854,9088.0,9312.1,16.194,7.1521,0.032161
1832,-0.56002,-0.32938,0.21959,9115.8,9319.0,17.09,7.1651,0.018411
1836,-0.54665,-0.31517,0.19968,9143.5,9326.4,17.931,7.1778,0.040087
1840,-0.53293,-0.3033,0.19115,9171.2,9334.3,18.717,7.191,0.039858
1844,-0.51914,-0.28913,0.17825,9198.7,9342.6,19.445,7.2042,0.0047187
1848,-0.50554,-0.27018,0.15211,9226.2,9351.3,20.116,7.217,0.072649
1852,-0.49126,-0.25319,0.14044,9253.7,9360.3,20.693,7.2307,0.029268
1856,-0.47718,-0.23204,0.11765,9281.0,9369.8,21.202,7.244,0.031713
1860,-0.46278,-0.21147,0.099767,9308.3,9379.6,21.638,7.2578,0.054473
1864,-0.4482,-0.1923,0.087146,9335.6,9389.6,22.014,7.2718,0.059626
1868,-0.43364,-0.17347,0.075562,9362.8,9399.9,22.334,7.2859,0.039873
1872,-0.41948,-0.15288,0.055843,9390.0,9410.5,22.612,7.2996,0.10013
1876,-0.40516,-0.13465,0.050472,9417.2,9421.2,22.796,7.3136,-0.014832
1880,-0.39148,-0.11319,0.026827,9444.4,9432.1,22.966,7.3269,0.086274
1884,-0.37761,-0.09348,0.014424,9471.5,9443.2,23.05,7.3405,0.073635
1888,-0.36405,-0.073519,0.0022065,9498.7,9454.4,23.07,7.3538,0.030478
1892,-0.35071,-0.056103,-0.0070975,9525.9,9465.7,23.066,7.367,0.061207
1896,-0.338,-0.03626,-0.025241,9553.1,9477.1,23.013,7.3796,0.098708
1900,-0.32543,-0.019723,-0.028562,9580.3,9488.5,22.885,7.3921,0.01209
1904,-0.31331,-0.0048212,-0.037456,9607.6,9500.0,22.768,7.4042,0.079644
1908,-0.30164,0.010425,-0.044461,9635.0,9511.4,22.589,7.4159,0.021725
1912,-0.29094,0.027344,-0.064487,9662.4,9522.8,22.406,7.4266,0.15117
1916,-0.28052,0.043648,-0.072841,9689.8,9534.2,22.126,7.4371,0.093128
1920,-0.27022,0.056539,-0.073302,9717.4,9545.6,21.817,7.4475,0.018886
1924,-0.26022,0.06483,-0.068916,9745.0,9556.8,21.526,7.4576,0.010321
1928,-0.25075,0.06928,-0.066325,9772.7,9567.9,21.288,7.4671,0.10819
1932,-0.24152,0.072798,-0.059052,9800.4,9579.0,21.022,7.4763,0.014242
1936,-0.23268,0.078329,-0.066571,9828.3,9589.9,20.784,7.4852,0.064671
1940,-0.22415,0.082015,-0.065105,9856.2,9600.8,20.517,7.4938,0.031561
1944,-0.21591,0.084115,-0.061996,9884.2,9611.6,20.257,7.5021,0.012634
1948,-0.2082,0.090244,-0.072434,9912.3,9622.2,19.986,7.5098,0.031037
1952,-0.20067,0.092637,-0.069447,9940.4,9632.8,19.699,7.5174,0.019114
1956,-0.19353,0.096833,-0.075556,9968.6,9643.2,19.418,7.5246,0.054243
1960,-0.18663,0.098345,-0.071647,9996.9,9653.5,19.122,7.5315,0.030492
1964,-0.18004,0.10077,-0.07258,10025.0,9663.7,18.827,7.5381,0.01537
1968,-0.17363,0.10024,-0.067314,10054.0,9673.7,18.547,7.5445,0.015419
1972,-0.16738,0.09492,-0.052144,10082.0,9683.6,18.299,7.5507,-0.016723
1976,-0.16134,0.093481,-0.055499,10111.0,9693.4,18.086,7.5567,0.019147
1980,-0.15548,0.089164,-0.046965,10139.0,9703.1,17.87,7.5625,-0.015515
1984,-0.14988,0.088488,-0.052354,10168.0,9712.7,17.67,7.5681,0.011869
1988,-0.14445,0.088115,-0.055915,10197.0,9722.1,17.461,7.5736,0.042047
1992,-0.13919,0.081112,-0.040562,10226.0,9731.5,17.277,7.5787,0.033037
1996,-0.13415,0.080809,-0.045764,10255.0,9740.8,17.092,7.5838,0.00057162
2000,-0.12915,0.07678,-0.040151,10284.0,9750.0,16.923,7.5887,0.014219
2004,-0.12431,0.07195,-0.03312,10313.0,9759.0,16.77,7.5935,-0.0044668
2008,-0.11963,0.068619,-0.033957,10342.0,9768.0,16.643,7.5982,0.02966
2012,-0.11508,0.063604,-0.026596,10371.0,9777.0,16.515,7.6027,-0.0011295
2016,-0.11069,0.060152,-0.026212,10400.0,9785.8,16.408,7.607,0.0069943
2020,-0.10646,0.056168,-0.022481,10429.0,9794.6,16.304,7.6113,-0.0050119
2024,-0.10238,0.053717,-0.023746,10458.0,9803.4,16.209,7.6153,0.0071949
2028,-0.098391,0.045271,-0.0093876,10487.0,9812.0,16.151,7.6192,0.01626
2032,-0.094718,0.043964,-0.01447,10516.0,9820.7,16.082,7.6229,-0.025903
2036,-0.091046,0.03881,-0.011418,10546.0,9829.3,16.051,7.6266,0.045791
2040,-0.087516,0.037162,-0.012305,10575.0,9837.8,15.991,7.6301,-0.0010399
2044,-0.084137,0.036864,-0.016714,10604.0,9846.4,15.932,7.6335,0.014245
2048,-0.08079,0.031486,-0.005389,10634.0,9854.9,15.886,7.6368,0.0012723
2052,-0.077589,0.024841,0.0020968,10663.0,9863.3,15.894,7.64,0.035443
2056,-0.074516,0.022848,-0.0014882,10692.0,9871.8,15.892,7.643,0.019799
2060,-0.07152,0.015778,0.009883,10722.0,9880.3,15.913,7.646,0.015133
2064,-0.068814,0.017982,-0.0046833,10751.0,9888.7,15.919,7.6487,0.020455
2068,-0.066193,0.014738,-0.00068232,10781.0,9897.2,15.93,7.6513,0.064722
2072,-0.063659,0.01389,0.0022424,10810.0,9905.6,15.909,7.6539,-0.022064
2076,-0.061118,0.0089379,0.011453,10839.0,9914.1,15.932,7.6564,-0.017893
2080,-0.058788,0.0083753,0.0030324,10869.0,9922.5,15.978,7.6587,0.052825
2084,-0.0565,0.0070392,0.0072075,10898.0,9931.0,15.979,7.661,-0.017943
2088,-0.05435,0.0066274,0.0056536,10928.0,9939.5,15.996,7.6632,-0.013283
2092,-0.052201,0.0048504,0.0079648,10957.0,9947.9,16.02,7.6653,-0.0031783
2096,-0.050141,0.0038253,0.0062045,10987.0,9956.4,16.056,7.6674,0.030001
2100,-0.048125,-0.0019007,0.018406,11016.0,9964.9,16.108,7.6694,0.014966
2104,-0.046442,0.0030731,-0.00092158,11046.0,9973.4,16.144,7.6711,0.037606
2108,-0.044787,0.0016909,0.0028991,11075.0,9982.0,16.171,7.6727,0.075577
2112,-0.043059,0.00064499,0.0077919,11105.0,9990.5,16.186,7.6744,0.021679
2116,-0.041536,0.0021647,0.0060083,11134.0,9999.1,16.19,7.676,-0.031619
2120,-0.039996,0.00058669,0.0060284,11164.0,10008.0,16.239,7.6775,0.055412
2124,-0.038456,-0.002136,0.012194,11193.0,10016.0,16.28,7.679,0.034801
2128,-0.03703,0.00044576,0.0042211,11223.0,10025.0,16.304,7.6805,0.01295
2132,-0.035562,-0.0032315,0.013225,11252.0,10034.0,16.35,7.6819,0.031138
2136,-0.034444,0.0020062,0.00016937,11282.0,10042.0,16.356,7.6831,-0.010382
2140,-0.033089,0.0016778,0.0034485,11311.0,10051.0,16.369,7.6844,0.01996
2144,-0.031884,0.0021939,0.0058987,11341.0,10060.0,16.369,7.6856,-0.023988
2148,-0.030686,0.0016067,0.004693,11370.0,10068.0,16.406,7.6868,0.039743
2152,-0.029462,-0.0006271,0.011229,11399.0,10077.0,16.434,7.688,0.0098023
2156,-0.028345,-8.8756e-05,0.0074335,11429.0,10086.0,16.469,7.6892,0.013635
2160,-0.027404,0.0033612,-0.0036232,11458.0,10094.0,16.491,7.6901,0.061742
2164,-0.026389,0.004952,-0.0023583,11488.0,10103.0,16.478,7.6911,0.03221
2168,-0.025337,0.0035716,0.0048703,11517.0,10112.0,16.481,7.6922,0.012189
2172,-0.02441,0.0051717,0.0010241,11547.0,10121.0,16.488,7.6931,0.0092414
2176,-0.023519,0.0050425,0.00055838,11576.0,10129.0,16.506,7.694,0.049391
2180,-0.022687,0.0067173,0.00021576,11606.0,10138.0,16.49,7.6948,-0.0067931
2184,-0.021909,0.0063589,-0.00074893,11635.0,10147.0,16.511,7.6956,0.058783
2188,-0.021137,0.0029238,0.0085288,11665.0,10156.0,16.534,7.6964,0.040593
2192,-0.020715,0.0097682,-0.0076875,11695.0,10164.0,16.51,7.6968,-0.014462
2196,-0.019944,0.010463,-0.0052593,11724.0,10173.0,16.489,7.6976,0.017435
2200,-0.019339,0.010538,-0.0057552,11754.0,10182.0,16.49,7.6982,0.072629
2204,-0.018765,0.0096564,0.00368,11783.0,10191.0,16.455,7.6987,-0.040026
2208,-0.018064,0.0062409,0.0092013,11813.0,10200.0,16.483,7.6994,-0.0033932
2212,-0.017448,0.0068727,0.0015792,11842.0,10208.0,16.515,7.7001,0.040276
2216,-0.016807,0.0055392,0.0069459,11872.0,10217.0,16.516,7.7007,-0.01318
2220,-0.0164,0.010052,-0.0066434,11901.0,10226.0,16.513,7.7011,0.01436
2224,-0.015922,0.01297,-0.012173,11931.0,10235.0,16.493,7.7016,0.062168
2228,-0.015363,0.013916,-0.0075444,11960.0,10243.0,16.447,7.7021,0.018337
2232,-0.014756,0.011749,0.00069335,11990.0,10252.0,16.432,7.7028,0.0082011
2236,-0.01427,0.013412,-0.0053444,12019.0,10261.0,16.424,7.7032,0.025081
2240,-0.013718,0.011797,0.00021892,12049.0,10270.0,16.414,7.7038,0.014428
2244,-0.013229,0.01197,-0.0019392,12078.0,10278.0,16.412,7.7043,0.024548
2248,-0.012727,0.010649,0.0019193,12108.0,10287.0,16.407,7.7048,0.0059598
2252,-0.012333,0.011672,-0.0015099,12137.0,10296.0,16.4,7.7052,-3.4483e-05
2256,-0.011967,0.013477,-0.0076384,12167.0,10305.0,16.392,7.7055,0.043181
2260,-0.011618,0.015971,-0.011512,12197.0,10313.0,16.359,7.7059,0.043706
2264,-0.011211,0.01349,-0.0017009,12226.0,10322.0,16.338,7.7063,0.029394
2268,-0.010803,0.012641,-0.00028497,12256.0,10331.0,16.331,7.7067,0.016306
2272,-0.010442,0.013144,-0.0028876,12285.0,10340.0,16.324,7.7071,0.018524
2276,-0.010087,0.011742,0.0022055,12315.0,10348.0,16.31,7.7074,-0.013042
2280,-0.0099299,0.011968,-0.004807,12344.0,10357.0,16.333,7.7076,0.076343
2284,-0.0096498,0.012686,-0.002779,12374.0,10366.0,16.303,7.7079,0.0043436
2288,-0.0093858,0.014075,-0.005039,12404.0,10374.0,16.279,7.7081,0.00013189
2292,-0.0091246,0.014525,-0.0071961,12433.0,10383.0,16.27,7.7084,0.048692
2296,-0.0088011,0.011951,0.0015425,12463.0,10392.0,16.257,7.7087,0.017332
2300,-0.0085697,0.012498,-0.00044626,12492.0,10401.0,16.246,7.7089,-0.0081785
2304,-0.0083848,0.014766,-0.0070887,12522.0,10409.0,16.229,7.7091,0.012555
2308,-0.0080707,0.012264,0.00031123,12552.0,10418.0,16.222,7.7094,0.02275
2312,-0.0078536,0.011243,0.0033985,12581.0,10427.0,16.212,7.7097,-0.020318
2316,-0.0076871,0.012403,-0.0027183,12611.0,10435.0,16.214,7.7098,0.011558
2320,-0.0074063,0.0086586,0.0054912,12640.0,10444.0,16.229,7.7101,0.028867
2324,-0.0073524,0.013753,-0.01094,12670.0,10452.0,16.221,7.7102,0.045907
2328,-0.0071617,0.01028,0.0012955,12700.0,10461.0,16.212,7.7103,0.039349
2332,-0.0070432,0.013077,-0.0050958,12729.0,10470.0,16.19,7.7105,0.00092834
2336,-0.0068574,0.013868,-0.0069858,12759.0,10478.0,16.176,7.7107,0.039151
2340,-0.0066266,0.012931,-0.0015048,12788.0,10487.0,16.153,7.7109,0.007835
2344,-0.0063998,0.011315,0.00080807,12818.0,10496.0,16.158,7.7111,0.026829
2348,-0.0061889,0.0096357,0.0027116,12848.0,10504.0,16.17,7.7113,0.030061
2352,-0.0060834,0.010466,0.00093727,12877.0,10513.0,16.16,7.7114,-0.013575
2356,-0.0059675,0.011946,-0.0043593,12907.0,10522.0,16.156,7.7115,0.019978
2360,-0.0057878,0.010489,-0.00053287,12936.0,10530.0,16.156,7.7117,0.037409
2364,-0.0056245,0.0092752,0.0013569,12966.0,10539.0,16.164,7.7119,0.036374
2368,-0.0055558,0.012768,-0.0076041,12996.0,10547.0,16.146,7.712,0.023873
2372,-0.0054021,0.011883,-0.00342,13025.0,10556.0,16.134,7.7121,0.038805
2376,-0.0052391,0.011037,-0.00055742,13055.0,10565.0,16.127,7.7123,0.02596
2380,-0.0050782,0.010566,0.00016603,13084.0,10573.0,16.126,7.7124,0.018905
2384,-0.0051137,0.0084208,0.0010578,13114.0,10582.0,16.155,7.7124,0.078886
2388,-0.0050586,0.0094783,0.00069632,13144.0,10591.0,16.139,7.7124,-0.0033079
2392,-0.0049439,0.0084539,0.0039102,13173.0,10599.0,16.138,7.7126,-0.013023
2396,-0.0049302,0.011179,-0.0050371,13203.0,10608.0,16.136,7.7126,0.016629
2400,-0.0048278,0.0084882,0.0017492,13233.0,10616.0,16.146,7.7127,0.04811
2404,-0.0047324,0.009175,-0.0010648,13262.0,10625.0,16.149,7.7128,0.035794
2408,-0.0047561,0.014407,-0.013394,13292.0,10634.0,16.121,7.7128,0.039696
2412,-0.0046166,0.0097222,0.0062717,13321.0,10642.0,16.093,7.7129,-0.020844
2416,-0.004546,0.0093132,0.0031321,13351.0,10651.0,16.11,7.713,0.0032567
2420,-0.0045116,0.010651,-0.0010057,13381.0,10659.0,16.105,7.713,-0.0037952
2424,-0.0044748,0.0075221,0.0092924,13410.0,10668.0,16.102,7.713,-0.042655
2428,-0.004563,0.0094791,-0.001072,13440.0,10677.0,16.12,7.7129,0.007712
2432,-0.0044361,0.0081058,0.0014514,13470.0,10685.0,16.131,7.7131,0.035977
2436,-0.0044274,0.010631,-0.003086,13499.0,10694.0,16.111,7.7131,-0.0057755
2440,-0.0043913,0.0085644,0.00021081,13529.0,10702.0,16.13,7.7131,0.059011
2444,-0.0043181,0.0077921,0.0017669,13559.0,10711.0,16.137,7.7132,0.038559
2448,-0.0042993,0.011323,-0.0071512,13588.0,10720.0,16.123,7.7132,0.029599
2452,-0.0041864,0.009394,0.003229,13618.0,10728.0,16.101,7.7133,-0.018195
2456,-0.0043166,0.013739,-0.0090489,13647.0,10737.0,16.084,7.7132,0.0067978
2460,-0.0042385,0.0091993,0.0034336,13677.0,10745.0,16.092,7.7133,0.044297
2464,-0.004164,0.010159,-0.001018,13707.0,10754.0,16.095,7.7133,0.027789
2468,-0.0041161,0.0067846,0.0052775,13736.0,10763.0,16.12,7.7134,0.051589
2472,-0.0040949,0.0083142,0.0014207,13766.0,10771.0,16.116,7.7134,-0.0041194
2476,-0.0040137,0.008102,-0.00011242,13796.0,10780.0,16.13,7.7135,0.037542
2480,-0.0040536,0.012105,-0.0074834,13825.0,10788.0,16.1,7.7135,0.001795
2484,-0.0040185,0.013769,-0.0098839,13855.0,10797.0,16.079,7.7135,0.047199
2488,-0.0039633,0.010651,0.0008337,13884.0,10806.0,16.071,7.7135,0.04004
2492,-0.0038428,0.0079499,0.0060698,13914.0,10814.0,16.086,7.7137,0.022659
2496,-0.0038523,0.010875,-0.0037608,13944.0,10823.0,16.084,7.7137,0.015891
2500,-0.0037251,0.0066775,0.0096964,13973.0,10831.0,16.085,7.7138,-0.018742
2504,-0.0038265,0.0099048,-0.0032238,14003.0,10840.0,16.096,7.7137,0.013312
2508,-0.0037723,0.0083519,0.00020168,14033.0,10849.0,16.107,7.7137,0.049705
2512,-0.0037401,0.0085517,0.0024947,14062.0,10857.0,16.093,7.7138,-0.014389
2516,-0.0036907,0.0091233,-0.00097828,14092.0,10866.0,16.101,7.7138,0.022638
2520,-0.0036731,0.0099351,-0.00021736,14122.0,10874.0,16.083,7.7138,-0.014416
2524,-0.0036548,0.011496,-0.0054109,14151.0,10883.0,16.08,7.7139,0.03164
2528,-0.0036503,0.012569,-0.0031897,14181.0,10891.0,16.044,7.7139,-0.017224
2532,-0.0036357,0.012586,-0.0052187,14210.0,10900.0,16.046,7.7139,0.049697
2536,-0.0035542,0.0077812,0.0080736,14240.0,10909.0,16.055,7.7139,0.022032
2540,-0.0035171,0.0089318,0.00066698,14270.0,10917.0,16.071,7.714,0.024155
2544,-0.0034217,0.0069636,0.0042849,14299.0,10926.0,16.088,7.7141,0.031466
2548,-0.0034286,0.00925,-0.0040172,14329.0,10934.0,16.095,7.7141,0.045349
2552,-0.0033999,0.0091285,-0.0022419,14359.0,10943.0,16.091,7.7141,0.045294
2556,-0.0033012,0.0073053,0.0044946,14388.0,10951.0,16.089,7.7142,0.0091251
2560,-0.0035249,0.013037,-0.0097258,14418.0,10960.0,16.063,7.714,-0.0029016
2564,-0.003456,0.0095808,0.0010053,14448.0,10969.0,16.064,7.714,0.040996
2568,-0.00346,0.012373,-0.0055885,14477.0,10977.0,16.046,7.714,0.014031
2572,-0.0033352,0.0098099,0.0031135,14507.0,10986.0,16.039,7.7142,0.00566
2576,-0.0032955,0.010415,-0.0016064,14537.0,10994.0,16.049,7.7142,0.032671
2580,-0.0032442,0.010172,0.0011906,14566.0,11003.0,16.035,7.7143,-0.0073642
2584,-0.0032722,0.0070063,0.0043234,14596.0,11011.0,16.072,7.7142,0.062025
2588,-0.0032916,0.0088681,0.0001622,14625.0,11020.0,16.063,7.7142,3.3822e-05
2592,-0.0031723,0.0050277,0.01028,14655.0,11029.0,16.08,7.7143,-0.0077536
2596,-0.0033332,0.009892,-0.006546,14685.0,11037.0,16.087,7.7142,0.026034
2600,-0.003257,0.010379,-0.0040437,14714.0,11046.0,16.068,7.7142,0.024762
2604,-0.0031932,0.0109,-0.0024332,14744.0,11054.0,16.049,7.7143,0.0070236
2608,-0.003171,0.01207,-0.0036944,14774.0,11063.0,16.03,7.7143,0.0030498
2612,-0.0030788,0.010651,0.0010034,14803.0,11072.0,16.024,7.7144,0.0070313
2616,-0.0029792,0.0078535,0.0056979,14833.0,11080.0,16.043,7.7145,0.023184
2620,-0.0030237,0.0086844,0.0028809,14863.0,11089.0,16.042,7.7145,-0.016447
2624,-0.0029501,0.0066578,0.0049973,14892.0,11097.0,16.068,7.7146,0.024061
2628,-0.0028963,0.0062199,0.0050601,14922.0,11106.0,16.079,7.7146,0.0020422
2632,-0.0030281,0.0094387,-0.002978,14952.0,11114.0,16.069,7.7145,-0.0088253
2636,-0.0030836,0.012735,-0.010753,14981.0,11123.0,16.053,7.7144,0.042862
2640,-0.0030729,0.0095226,0.0055606,15011.0,11132.0,16.02,7.7144,-0.036581
2644,-0.0031213,0.010489,-0.0020564,15040.0,11140.0,16.038,7.7144,0.029382
2648,-0.0030488,0.0082445,0.0032122,15070.0,11149.0,16.048,7.7145,0.033339
2652,-0.0030193,0.0075857,0.0052389,15100.0,11157.0,16.049,7.7145,-0.012969
2656,-0.0030518,0.0095188,-0.0025047,15129.0,11166.0,16.056,7.7145,0.019878
2660,-0.0029839,0.0096204,-0.00091717,15159.0,11174.0,16.047,7.7145,0.012503
2664,-0.0029325,0.0098053,-0.0017209,15189.0,11183.0,16.047,7.7146,0.029848
2668,-0.0029101,0.011071,-0.0028476,15218.0,11191.0,16.029,7.7146,0.005223
2672,-0.0028427,0.010305,0.00044362,15248.0,11200.0,16.021,7.7147,0.0044734
2676,-0.0027449,0.0076227,0.0060965,15278.0,11209.0,16.035,7.7148,0.010075
2680,-0.0027624,0.0080704,0.0032718,15307.0,11217.0,16.042,7.7147,-0.0078366
2684,-0.0027626,0.0079989,-0.00015545,15337.0,11226.0,16.063,7.7147,0.045009
2688,-0.0028732,0.010448,-0.0074963,15367.0,11234.0,16.062,7.7146,0.067341
2692,-0.0029326,0.0089264,0.0043584,15396.0,11243.0,16.027,7.7146,-0.036888
2696,-0.0029858,0.010079,-0.0025039,15426.0,11251.0,16.04,7.7145,0.02662
2700,-0.00291,0.0070553,0.0079289,15456.0,11260.0,16.038,7.7146,-0.017454
2704,-0.0030533,0.010916,-0.0058503,15485.0,11269.0,16.042,7.7145,0.019861
2708,-0.0030196,0.0096469,-0.0015272,15515.0,11277.0,16.041,7.7145,0.045835
2712,-0.0030341,0.010276,0.00032048,15544.0,11286.0,16.019,7.7145,-0.016322
2716,-0.00298,0.0095061,0.00057193,15574.0,11294.0,16.028,7.7145,0.021568
2720,-0.0028963,0.0081299,0.00319,15604.0,11303.0,16.037,7.7146,0.0207
2724,-0.0028634,0.0080744,0.00066081,15633.0,11311.0,16.052,7.7146,0.038646
2728,-0.0028797,0.0097005,-0.0012777,15663.0,11320.0,16.036,7.7146,-0.0048159
2732,-0.0028541,0.010538,-0.0029214,15693.0,11328.0,16.029,7.7147,0.015878
2736,-0.0028072,0.01093,-0.0031745,15722.0,11337.0,16.021,7.7147,0.027884
2740,-0.0027408,0.010358,-0.00052606,15752.0,11346.0,16.013,7.7148,0.01998
2744,-0.0026809,0.0096861,0.0004852,15782.0,11354.0,16.017,7.7148,0.025089
2748,-0.0026579,0.010218,-0.0020958,15811.0,11363.0,16.018,7.7148,0.034855
2752,-0.0026665,0.0068032,0.0052747,15841.0,11371.0,16.039,7.7148,0.04826
2756,-0.0026945,0.008533,0.00051584,15871.0,11380.0,16.036,7.7148,0.002294
2760,-0.0027156,0.0074209,0.00059144,15900.0,11388.0,16.058,7.7148,0.056111
2764,-0.0027267,0.0093611,-0.0022231,15930.0,11397.0,16.043,7.7148,0.009432
2768,-0.002743,0.011994,-0.0074611,15960.0,11405.0,16.024,7.7148,0.023869
2772,-0.0027632,0.0082032,0.008554,15989.0,11414.0,16.004,7.7147,-0.044739
2776,-0.0029813,0.0098171,-7.4333e-05,16019.0,11423.0,16.017,7.7145,-0.011471
2780,-0.0029071,0.0084163,0.0026748,16048.0,11431.0,16.026,7.7146,0.013232
2784,-0.0028113,0.0061656,0.0068517,16078.0,11440.0,16.045,7.7147,0.011592
2788,-0.002842,0.005304,0.0083106,16108.0,11448.0,16.056,7.7147,-0.025723
2792,-0.0028981,0.006244,0.00015058,16137.0,11457.0,16.09,7.7146,0.046966
2796,-0.0031306,0.0091257,-0.0011901,16167.0,11465.0,16.054,7.7144,-0.044909
2800,-0.0032567,0.012394,-0.010205,16197.0,11474.0,16.045,7.7143,0.034865
2804,-0.0031918,0.011402,-0.003478,16226.0,11482.0,16.024,7.7143,0.03426
2808,-0.0031379,0.011986,-0.0027295,16256.0,11491.0,16.004,7.7144,0.0082718
2812,-0.0031944,0.0094117,0.0073033,16286.0,11500.0,15.989,7.7143,-0.048453
2816,-0.0033321,0.010708,-0.0011992,16315.0,11508.0,16.005,7.7142,0.0054577
2820,-0.0031953,0.0047503,0.013313,16345.0,11517.0,16.031,7.7143,0.003265
2824,-0.0032618,0.0075855,-0.00020472,16375.0,11525.0,16.056,7.7142,0.022559
2828,-0.0032406,0.0084616,-0.0028901,16404.0,11534.0,16.06,7.7143,0.046234
2832,-0.0032123,0.0093277,-0.0034058,16434.0,11542.0,16.052,7.7143,0.039497
2836,-0.003196,0.010597,-0.0024144,16464.0,11551.0,16.025,7.7143,-0.006087
2840,-0.0032545,0.013116,-0.0099603,16493.0,11560.0,16.017,7.7143,0.05555
2844,-0.0032137,0.010055,0.0017002,16523.0,11568.0,16.005,7.7143,0.030632
2848,-0.0031711,0.010567,6.1764e-05,16552.0,11577.0,16.0,7.7143,0.0048998
2852,-0.0032303,0.014278,-0.010539,16582.0,11585.0,15.984,7.7143,0.037292
2856,-0.0031551,0.0095068,0.0050517,16612.0,11594.0,15.978,7.7144,0.021942
2860,-0.0031437,0.0093896,0.00027179,16641.0,11602.0,16.001,7.7144,0.049097
2864,-0.0030541,0.0064523,0.0079135,16671.0,11611.0,16.012,7.7144,0.0096583
2868,-0.0031057,0.0086767,-0.00023738,16701.0,11619.0,16.017,7.7144,0.0022356
2872,-0.0031082,0.010677,-0.0059636,16730.0,11628.0,16.013,7.7144,0.038848
2876,-0.0030108,0.0071214,0.0060974,16760.0,11636.0,16.013,7.7145,0.013004
2880,-0.0030304,0.0092711,-0.0016024,16790.0,11645.0,16.017,7.7145,0.013206
2884,-0.0030105,0.0078688,0.0050496,16819.0,11654.0,16.008,7.7145,-0.02495
2888,-0.0031667,0.011771,-0.0094771,16849.0,11662.0,16.015,7.7143,0.054243
2892,-0.0031282,0.011984,-0.0052233,16879.0,11671.0,15.987,7.7144,0.032041
2896,-0.0030628,0.0098704,0.004021,16908.0,11679.0,15.97,7.7144,-0.016758
2900,-0.0030047,0.0085458,0.0033213,16938.0,11688.0,15.993,7.7145,0.022654
2904,-0.0029462,0.0084012,0.0023333,16968.0,11696.0,16.0,7.7146,0.01147
2908,-0.002915,0.0091005,-0.0013295,16997.0,11705.0,16.007,7.7146,0.032238
2912,-0.0028938,0.0084554,-0.00023039,17027.0,11713.0,16.014,7.7146,0.045315
2916,-0.0028802,0.0094409,-0.00040218,17057.0,11722.0,15.999,7.7146,-0.00071759
2920,-0.0028107,0.0079818,0.0021725,17086.0,11730.0,16.012,7.7147,0.028695
2924,-0.0027697,0.0083973,0.00013835,17116.0,11739.0,16.017,7.7147,0.026202
2928,-0.0028239,0.01212,-0.0080169,17145.0,11747.0,15.996,7.7147,0.017791
2932,-0.002732,0.0078347,0.0056124,17175.0,11756.0,15.997,7.7148,0.019375
2936,-0.0027867,0.010904,-0.0045599,17205.0,11765.0,15.995,7.7147,0.020899
2940,-0.0026932,0.0085797,0.0038876,17234.0,11773.0,15.99,7.7148,0.0030267
2944,-0.0027026,0.0071062,0.0028003,17264.0,11782.0,16.022,7.7148,0.05348
2948,-0.0026574,0.0063323,0.0048988,17294.0,11790.0,16.029,7.7148,0.01052
2952,-0.002865,0.011923,-0.012817,17323.0,11799.0,16.028,7.7146,0.067217
2956,-0.0028382,0.0091555,0.0015502,17353.0,11807.0,16.002,7.7147,0.017371
2960,-0.0028124,0.010155,-0.0023038,17383.0,11816.0,16.004,7.7147,0.02809
2964,-0.0027898,0.010883,-0.0039087,17412.0,11824.0,15.997,7.7147,0.03807
2968,-0.002708,0.0087207,0.0035484,17442.0,11833.0,15.994,7.7148,0.012338
2972,-0.0026688,0.0087673,0.0015753,17472.0,11841.0,16.002,7.7148,0.013585
2976,-0.0026537,0.0083953,5.4502e-05,17501.0,11850.0,16.017,7.7149,0.044246
2980,-0.002658,0.0098221,-0.0035618,17531.0,11859.0,16.013,7.7148,0.038148
2984,-0.0026111,0.0081566,0.0018516,17561.0,11867.0,16.015,7.7149,0.032348
2988,-0.002612,0.0078421,0.00049051,17590.0,11876.0,16.03,7.7149,0.047127
2992,-0.0026542,0.010891,-0.0068359,17620.0,11884.0,16.017,7.7149,0.03783
2996,-0.0026193,0.0089872,0.00048416,17650.0,11893.0,16.013,7.7149,0.036361
3000,-0.0026018,0.0098159,-0.0020891,17679.0,11901.0,16.012,7.7149,0.032075
3004,-0.0026186,0.0094712,-0.00191,17709.0,11910.0,16.016,7.7149,0.051831
3008,-0.0025881,0.0093633,0.00094489,17739.0,11918.0,16.003,7.7149,0.0033358
3012,-0.0025151,0.0075909,0.0046936,17768.0,11927.0,16.014,7.715,0.008115
3016,-0.0026048,0.011289,-0.0073369,17798.0,11935.0,16.012,7.7149,0.036171
3020,-0.0025265,0.0088628,0.003313,17828.0,11944.0,15.998,7.715,0.0015475
3024,-0.002639,0.0093529,-0.0030956,17857.0,11953.0,16.022,7.7149,0.070468
3028,-0.0026145,0.0072124,0.0060501,17887.0,11961.0,16.013,7.7149,-0.0039506
3032,-0.0026354,0.0085885,-0.00038407,17916.0,11970.0,16.024,7.7149,0.016545
3036,-0.002685,0.010913,-0.0072062,17946.0,11978.0,16.021,7.7148,0.051853
3040,-0.002635,0.0048789,0.012287,17976.0,11987.0,16.026,7.7149,-5.1202e-05
3044,-0.0029847,0.012673,-0.01268,18005.0,11995.0,16.022,7.7145,0.030948
3048,-0.0029066,0.0077842,0.0054632,18035.0,12004.0,16.013,7.7146,0.016674
3052,-0.0030136,0.011954,-0.0067528,18065.0,12012.0,16.002,7.7145,0.013306
3056,-0.0029779,0.01065,-0.0023341,18094.0,12021.0,15.999,7.7145,0.045133
3060,-0.0028908,0.0068565,0.0081629,18124.0,12029.0,16.008,7.7146,0.011953
3064,-0.0030172,0.0090042,0.0010342,18154.0,12038.0,16.008,7.7145,-0.017923
3068,-0.0030909,0.01063,-0.0062919,18183.0,12047.0,16.018,7.7144,0.058362
3072,-0.0030979,0.010045,-0.0024398,18213.0,12055.0,16.008,7.7144,0.046399
3076,-0.0030462,0.0097325,0.0011576,18243.0,12064.0,15.993,7.7145,-0.0018122
3080,-0.0030122,0.0092299,-0.00035239,18272.0,12072.0,16.007,7.7145,0.04119
3084,-0.0029405,0.006663,0.0057208,18302.0,12081.0,16.021,7.7146,0.027453
3088,-0.0029064,0.0073032,0.0023303,18332.0,12089.0,16.031,7.7146,0.011673
3092,-0.0029583,0.010811,-0.0066655,18361.0,12098.0,16.02,7.7145,0.020729
3096,-0.0028585,0.0084323,0.0024796,18391.0,12106.0,16.014,7.7146,0.016997
3100,-0.0030187,0.010324,-0.00020242,18421.0,12115.0,15.994,7.7145,-0.034169
3104,-0.0031297,0.011821,-0.0075613,18450.0,12124.0,16.003,7.7144,0.061913
3108,-0.0032859,0.0097355,-0.0012501,18480.0,12132.0,16.005,7.7142,0.077908
3112,-0.0033193,0.0045817,0.015686,18509.0,12141.0,16.006,7.7142,-0.038521
3116,-0.0035634,0.0074199,0.0010404,18539.0,12149.0,16.035,7.7139,-0.0034678
3120,-0.0035218,0.0046946,0.005251,18569.0,12158.0,16.068,7.714,0.05036
3124,-0.0035288,0.0078217,-0.0028817,18598.0,12166.0,16.065,7.714,0.022223
3128,-0.0035576,0.0077921,-0.0029093,18628.0,12175.0,16.073,7.7139,0.064058
3132,-0.0035229,0.0083558,0.00050263,18658.0,12183.0,16.051,7.714,-0.0049742
3136,-0.0037468,0.015782,-0.01858,18687.0,12192.0,16.021,7.7138,0.044497
3140,-0.0037216,0.013514,-0.0054777,18717.0,12201.0,15.985,7.7138,0.043582
3144,-0.0036246,0.011969,0.001294,18747.0,12209.0,15.966,7.7139,-0.0023159
3148,-0.0035415,0.0083008,0.0097199,18776.0,12218.0,15.977,7.714,-0.023119
3152,-0.0035892,0.0094817,-0.0013394,18806.0,12226.0,16.009,7.7139,0.049111
3156,-0.0035524,0.0063838,0.0057507,18836.0,12235.0,16.028,7.714,0.042591
3160,-0.0034861,0.0066037,0.003736,18865.0,12243.0,16.039,7.714,0.011529
3164,-0.0034492,0.0081676,-0.0013001,18895.0,12252.0,16.043,7.7141,0.020165
3168,-0.0034409,0.010411,-0.0041967,18925.0,12260.0,16.022,7.7141,0.0018043
3172,-0.0035013,0.014933,-0.013476,18954.0,12269.0,15.989,7.714,0.028897
3176,-0.0034879,0.012275,-0.0030072,18984.0,12277.0,15.973,7.714,0.050408
3180,-0.0034203,0.011773,0.00023808,19013.0,12286.0,15.956,7.7141,0.001749
3184,-0.0033265,0.0089106,0.0043725,19043.0,12294.0,15.976,7.7142,0.03326
3188,-0.0032154,0.0058502,0.0093294,19073.0,12303.0,16.002,7.7143,0.014521
3192,-0.0035694,0.0091994,0.00078895,19102.0,12312.0,15.99,7.7139,-0.057374
3196,-0.003704,0.011493,-0.007091,19132.0,12320.0,15.99,7.7138,0.024581
